dataset,contrast,baseline,method,delta_Hit@1_pp,Hit@1_CI_low,Hit@1_CI_high,rescued,harmed,McNemar_p,delta_MRR_pp,MRR_CI_low,MRR_CI_high
ESC-50,"Fusion | Direct, FixedRq",I_iKnow,F_Fusion,1.0999999999999999,0.5,1.7500000000000002,32,10,0.0009406740282429382,0.5733333333333334,0.2583125,0.895
ESC-50,"Fusion | AAKV, FixedRq",T_AAKV,TF,4.05,3.15,4.95,85,4,8.269208261418977e-21,2.4524999999999997,1.9433125,2.9616874999999996
ESC-50,"Fusion | Direct, Selector",S_Selector,FS,0.05,-0.4,0.44999999999999996,10,9,1.0,-0.004999999999999999,-0.25083333333333335,0.2316666666666667
ESC-50,"Fusion | AAKV, Selector",TS,TFS_Final,1.4000000000000001,0.8999999999999999,1.95,29,1,5.774199962615967e-08,0.855,0.5233333333333334,1.215
ESC-50,"AAKV | joint fusion, FixedRq",I_iKnow,T_AAKV,-3.1,-4.35,-1.8499999999999999,51,113,1.4455361416996038e-06,-1.9375,-2.663333333333333,-1.2291458333333336
ESC-50,"AAKV | Fusion, FixedRq",F_Fusion,TF,-0.15,-1.0,0.7000000000000001,38,41,0.8221442424521863,-0.05833333333333335,-0.5316875,0.4108333333333334
ESC-50,"AAKV | joint fusion, Selector",S_Selector,TS,-1.0,-1.8499999999999999,-0.2,26,46,0.02446090732832437,-0.7333333333333334,-1.2400208333333336,-0.24497916666666697
ESC-50,"AAKV | Fusion, Selector",FS,TFS_Final,0.35000000000000003,-0.3,1.0,25,18,0.3603776529357674,0.1266666666666667,-0.24583333333333332,0.502520833333333
ESC-50,"Selector | Direct, joint fusion",I_iKnow,S_Selector,2.1,1.2487500000000011,3.0,62,20,3.714641593828418e-06,1.0608333333333335,0.6,1.5391666666666668
ESC-50,"Selector | AAKV, joint fusion",T_AAKV,TS,4.2,3.15,5.25,103,19,3.7616493492859476e-15,2.265,1.6857916666666666,2.8708541666666667
ESC-50,"Selector | Direct, Fusion",F_Fusion,FS,1.05,0.44999999999999996,1.7000000000000002,32,11,0.001913961001264397,0.48250000000000004,0.13914583333333336,0.8425
ESC-50,"Selector | AAKV, Fusion",TF,TFS_Final,1.55,0.8500000000000001,2.3,44,13,4.7104376093953786e-05,0.6674999999999999,0.2716458333333333,1.0758333333333334
ESC-50,AAKV vs RawTriple | Fusion+Selector,Raw-FS,TFS_Final,0.15,-0.5499999999999999,0.8,25,22,0.7708669945730263,-0.010000000000000042,-0.3991875,0.375020833333333
ESC-50,Full system vs Frozen-iKnow,I_iKnow,TFS_Final,2.5,1.55,3.45,72,22,2.2605981543610277e-07,1.1824999999999999,0.6774791666666666,1.6983333333333333
UrbanSound8K,"Fusion | Direct, FixedRq",I_iKnow,F_Fusion,0.1374255611543747,-0.19468621163536418,0.4698236371965144,118,106,0.46243638173103185,0.10497785921514734,-0.06909928996793403,0.27695067949305235
UrbanSound8K,"Fusion | AAKV, FixedRq",T_AAKV,TF,1.2597343105817682,0.7901969766376545,1.729271644525882,275,165,1.7647857296658756e-07,0.8766605588639487,0.6250858909757213,1.1287982898152389
UrbanSound8K,"Fusion | Direct, Selector",S_Selector,FS,-0.10306917086578105,-0.38937242327072835,0.1717819514429684,73,82,0.5206333734262375,-0.04046419300656589,-0.20232573675370286,0.11853431821652155
UrbanSound8K,"Fusion | AAKV, Selector",TS,TFS_Final,0.21759047182775995,-0.19468621163536418,0.6298671552908841,178,159,0.3268333622992589,0.3527256069628951,0.11488395174835854,0.5913211940754313
UrbanSound8K,"AAKV | joint fusion, FixedRq",I_iKnow,T_AAKV,-0.3664681630783326,-0.9848831882730188,0.25194686211635364,376,408,0.26822076000089906,-0.4872881355932204,-0.8339107115590165,-0.14066555962742408
UrbanSound8K,"AAKV | Fusion, FixedRq",F_Fusion,TF,0.7558405863490609,0.26339899221255153,1.2482821804855704,271,205,0.002850600813975863,0.28439456405558106,0.014114750343563907,0.5527609176973584
UrbanSound8K,"AAKV | joint fusion, Selector",S_Selector,TS,1.1223087494273936,0.5608680714612921,1.694915254237288,375,277,0.00014158266300834502,0.42277446938463875,0.08530882577492745,0.7621392579019697
UrbanSound8K,"AAKV | Fusion, Selector",FS,TFS_Final,1.4429683921209346,0.973431058176821,1.9125057260650482,280,154,1.5242358091254096e-09,0.8159642693540999,0.5439761795693999,1.088334096808673
UrbanSound8K,"Selector | Direct, joint fusion",I_iKnow,S_Selector,0.9505267979844251,0.45808520384791573,1.4315162620247366,281,198,0.00017315826482540078,0.3641777370590929,0.0925666132233929,0.6338754008245534
UrbanSound8K,"Selector | AAKV, joint fusion",T_AAKV,TS,2.439303710490151,1.9125057260650482,2.9546495648190563,380,167,4.1877953818864185e-20,1.2742403420369521,0.9764706443731868,1.569137463734921
UrbanSound8K,"Selector | Direct, Fusion",F_Fusion,FS,0.7100320659642693,0.2977553825011452,1.1223087494273936,203,141,0.0009778951780617534,0.21873568483737976,-0.010693426477324812,0.447783058482211
UrbanSound8K,"Selector | AAKV, Fusion",TF,TFS_Final,1.3971598717361429,0.9619789280806231,1.8437929454878605,255,133,5.899221879649841e-10,0.7503053901358986,0.5105550465719957,0.992517941670484
UrbanSound8K,AAKV vs RawTriple | Fusion+Selector,Raw-FS,TFS_Final,0.744388456252863,0.2863032524049473,1.1910215300045808,235,170,0.0014415346552955261,0.42926400977248436,0.15974767140021381,0.6920999389219727
UrbanSound8K,Full system vs Frozen-iKnow,I_iKnow,TFS_Final,2.2904260192395784,1.7521759047182777,2.8286761337608795,382,182,2.470608033893281e-17,1.1396778134066272,0.8382863795999388,1.436674492288899
FSD50K,"Fusion | Direct, FixedRq",I_iKnow,F_Fusion,0.996969993158049,0.5278076434366142,1.466132342879484,344,242,2.8881267334443394e-05,0.6879683821326973,0.4334395052891054,0.9404805992248663
FSD50K,"Fusion | AAKV, FixedRq",T_AAKV,TF,1.1142605805884078,0.664646662105366,1.573648714690646,341,227,1.9694394251914806e-06,0.8270354521942832,0.5885762638462766,1.0712730460983322
FSD50K,"Fusion | Direct, Selector",S_Selector,FS,0.3127748998142899,-0.0977421561919656,0.7428403870589385,259,227,0.15959826594049556,-0.06146754405657946,-0.3156366353926995,0.19511093438342536
FSD50K,"Fusion | AAKV, Selector",TS,TFS_Final,0.11729058743035871,-0.28345225295670023,0.5278076434366142,231,219,0.604127278728523,0.2183356730066857,-0.023576928568365515,0.4640142274596171
FSD50K,"AAKV | joint fusion, FixedRq",I_iKnow,T_AAKV,1.7593588114553809,0.9480989150620662,2.599941354706285,1013,833,3.055920215825126e-05,0.8434541784036871,0.38164973796201646,1.3219163942012198
FSD50K,"AAKV | Fusion, FixedRq",F_Fusion,TF,1.8766493988857393,1.1142605805884078,2.639038217183071,895,703,1.7230790011669985e-06,0.9825212484652728,0.5432014945087948,1.42481359554476
FSD50K,"AAKV | joint fusion, Selector",S_Selector,TS,4.095396344443358,3.35255595738442,4.8284625158831,988,569,1.598782356863838e-26,2.043798621588517,1.5892150807227667,2.4937240968346766
FSD50K,"AAKV | Fusion, Selector",FS,TFS_Final,3.899912032059427,3.2157169387156683,4.60365555664158,875,476,1.051381516074572e-27,2.3236018386517827,1.8874399317315032,2.76477538678559
FSD50K,"Selector | Direct, joint fusion",I_iKnow,S_Selector,0.4496139184830417,-0.23458117486071742,1.1044863649692114,633,587,0.19760527683157125,0.07745970946049124,-0.3097741146627657,0.453951385800346
FSD50K,"Selector | AAKV, joint fusion",T_AAKV,TS,2.7856514514710193,2.1601016518424396,3.420975466718796,674,389,1.8984060056909192e-18,1.277804152645322,0.9199379259735041,1.63773266123965
FSD50K,"Selector | Direct, Fusion",F_Fusion,FS,-0.23458117486071742,-0.8308083276317076,0.3716645489199456,497,521,0.47101006489988095,-0.6719762167287855,-1.028203948995718,-0.3160078031591577
FSD50K,"Selector | AAKV, Fusion",TF,TFS_Final,1.7886814583129704,1.2120027367803734,2.3458117486071743,544,361,1.2789999245193975e-09,0.6691043734577242,0.3314645055605499,0.9914623964296636
FSD50K,AAKV vs RawTriple | Fusion+Selector,Raw-FS,TFS_Final,4.91643045645587,4.202912716254521,5.620173981038022,968,465,5.859785066177609e-41,3.1464846040401104,2.698086825059186,3.5883828917041254
FSD50K,Full system vs Frozen-iKnow,I_iKnow,TFS_Final,4.662300850356759,3.9194604632978205,5.395367021796501,994,517,4.881854075164527e-35,2.339594004055694,1.8972978349781102,2.774657486843169
AudioSet,"Fusion | Direct, FixedRq",I_iKnow,F_Fusion,0.42360587245401266,0.15087332443567575,0.6964834909766124,322,249,0.002555602976289864,0.33786675501153884,0.18913938796089894,0.48976489139049706
AudioSet,"Fusion | AAKV, FixedRq",T_AAKV,TF,1.0967330122439505,0.800789183543202,1.3984796611153019,440,251,6.186382307866312e-13,0.7178497558541376,0.5612027216977487,0.8802490653992785
AudioSet,"Fusion | Direct, Selector",S_Selector,FS,0.15667614460627866,-0.09864794290024952,0.4120002321128068,263,236,0.2444287231080734,0.0055593752089183315,-0.16045678442873373,0.1744877204494076
AudioSet,"Fusion | AAKV, Selector",TS,TFS_Final,0.17408460511808738,-0.10445076307085244,0.45842279347763015,333,303,0.25015494995716425,0.17387102182445516,-0.005947994723862695,0.35225012890575674
AudioSet,"AAKV | joint fusion, FixedRq",I_iKnow,T_AAKV,-0.5628735565484826,-1.1257471130969652,0.005802820170602913,1178,1275,0.05256369518205489,-0.38002633902433935,-0.7160429797213372,-0.03894486629656581
AudioSet,"AAKV | Fusion, FixedRq",F_Fusion,TF,0.11025358324145534,-0.4120002321128068,0.6325073985957175,1068,1049,0.6956502478996938,-4.3338181740678554e-05,-0.32183199599496454,0.3087796866664144
AudioSet,"AAKV | joint fusion, Selector",S_Selector,TS,1.259211977020832,0.7659722625195845,1.7408460511808739,1048,831,6.091745725482058e-07,0.6225882965235645,0.29869185193721276,0.9414195165736112
AudioSet,"AAKV | Fusion, Selector",FS,TFS_Final,1.2766204375326409,0.8065920037138049,1.7524516915220798,952,732,9.091484504231877e-08,0.7908999431391012,0.47959678708577835,1.1011735922623427
AudioSet,"Selector | Direct, joint fusion",I_iKnow,S_Selector,0.6557186792781291,0.24371844716532237,1.0619160912203331,711,598,0.0019527905829608025,0.23526598733798035,-0.02356748087167639,0.48704158376980117
AudioSet,"Selector | AAKV, joint fusion",T_AAKV,TS,2.477804212847444,1.996170138687402,2.9710439273486915,1107,680,4.2526955559783095e-24,1.237880622885884,0.9443217421351277,1.5348644308108657
AudioSet,"Selector | Direct, Fusion",F_Fusion,FS,0.38878895143039516,0.01740846051180874,0.7717750826901874,584,517,0.046644223495698724,-0.09704139246464016,-0.3366219786502255,0.1419496061754454
AudioSet,"Selector | AAKV, Fusion",TF,TFS_Final,1.5551558057215806,1.1141414727557593,1.996170138687402,914,646,1.2325043251433516e-11,0.6939018888562017,0.42181344531147485,0.965268356525457
AudioSet,AAKV vs RawTriple | Fusion+Selector,Raw-FS,TFS_Final,2.0600011605640343,1.5957755469158013,2.530174664887133,1043,688,1.3629560375476502e-17,1.5564204074383674,1.2393154446607888,1.8748963936016472
AudioSet,Full system vs Frozen-iKnow,I_iKnow,TFS_Final,2.0890152614170487,1.5957755469158013,2.593860616259502,1148,788,2.7822358075563715e-16,1.0317253056859998,0.727347897277513,1.3521007206880982
TUT2017,"Fusion | Direct, FixedRq",I_iKnow,F_Fusion,2.6495726495726495,1.8162393162393164,3.482905982905983,258,134,3.753554959192986e-10,1.7293169793169791,1.2730735314068646,2.175102174060507
TUT2017,"Fusion | AAKV, FixedRq",T_AAKV,TF,1.8803418803418803,0.9615384615384616,2.7991452991452994,289,201,8.147229094619853e-05,1.5324328449328446,1.0225103021978021,2.0375801282051276
TUT2017,"Fusion | Direct, Selector",S_Selector,FS,0.8974358974358974,0.1282051282051282,1.688034188034188,191,149,0.026034507883329516,0.2846967846967846,-0.1864507020757021,0.768605642043142
TUT2017,"Fusion | AAKV, Selector",TS,TFS_Final,3.4615384615384617,2.5,4.444444444444445,355,193,4.280987450666354e-12,2.1697954822954824,1.563897792022792,2.774905245217745
TUT2017,"AAKV | joint fusion, FixedRq",I_iKnow,T_AAKV,5.705128205128205,4.316239316239316,7.115384615384615,708,441,3.209263199184933e-15,2.6213624338624344,1.7775342134717136,3.4588694291819295
TUT2017,"AAKV | Fusion, FixedRq",F_Fusion,TF,4.935897435897436,3.6752136752136755,6.217948717948718,601,370,1.2104470501866996e-13,2.4244782994782996,1.67958301343718,3.1787236104944427
TUT2017,"AAKV | joint fusion, Selector",S_Selector,TS,6.474358974358975,5.020833333333334,7.948717948717948,751,448,1.8154337015859905e-18,2.9957010582010586,2.056745395807896,3.935392501017501
TUT2017,"AAKV | Fusion, Selector",FS,TFS_Final,9.038461538461538,7.64957264957265,10.427350427350428,762,339,5.715543939078351e-38,4.880799755799756,4.022351317663818,5.737893645706145
TUT2017,"Selector | Direct, joint fusion",I_iKnow,S_Selector,2.735042735042735,1.452991452991453,4.038995726495719,548,420,4.360976375302467e-05,1.540547415547416,0.7619460978835978,2.3165114977614976
TUT2017,"Selector | AAKV, joint fusion",T_AAKV,TS,3.5042735042735043,2.4786324786324787,4.52991452991453,377,213,1.4428654955028093e-11,1.91488603988604,1.3062678062678061,2.5192307692307696
TUT2017,"Selector | Direct, Fusion",F_Fusion,FS,0.9829059829059829,-0.0641025641025641,2.02991452991453,350,304,0.07838920571467206,0.09592722092722084,-0.5355762293262295,0.7232954352746018
TUT2017,"Selector | AAKV, Fusion",TF,TFS_Final,5.085470085470085,4.188034188034187,6.004273504273504,366,128,1.359808065105808e-27,2.552248677248677,2.016975096662597,3.0805612789987786
TUT2017,AAKV vs RawTriple | Fusion+Selector,Raw-FS,TFS_Final,8.376068376068375,7.02991452991453,9.67948717948718,716,324,1.2491028207321331e-34,5.571396196396196,4.685365329115329,6.426179896492397
TUT2017,Full system vs Frozen-iKnow,I_iKnow,TFS_Final,12.67094017094017,11.303418803418804,14.05982905982906,877,284,8.445776067152415e-71,6.706043956043957,5.903127543752544,7.525695080382581
