dataset,feature,target,AUROC,AUPRC,prevalence
01_ESC50,neg_base_margin,any_M_P5_benefit,0.8861361361361361,0.006434809253868546,0.001
01_ESC50,neg_base_margin,fixed_M1_P5_benefit,0.8784392196098049,0.004098360655737705,0.0005
01_ESC50,neg_base_margin,fixed_M1_P5_harm,0.7592685370741483,0.013166085226738622,0.002
01_ESC50,neg_first_margin,any_M_P5_benefit,0.9969969969969971,0.5714285714285714,0.001
01_ESC50,neg_first_margin,fixed_M1_P5_benefit,0.9934967483741871,0.07142857142857142,0.0005
01_ESC50,neg_first_margin,fixed_M1_P5_harm,0.9179609218436874,0.1512915257968386,0.002
01_ESC50,base_entropy,any_M_P5_benefit,0.8948948948948948,0.007045088566827697,0.001
01_ESC50,base_entropy,fixed_M1_P5_benefit,0.8969484742371185,0.004830917874396135,0.0005
01_ESC50,base_entropy,fixed_M1_P5_harm,0.7513777555110219,0.007731630386648743,0.002
01_ESC50,first_entropy,any_M_P5_benefit,0.98998998998999,0.06798245614035087,0.001
01_ESC50,first_entropy,fixed_M1_P5_benefit,0.9909954977488744,0.05263157894736842,0.0005
01_ESC50,first_entropy,fixed_M1_P5_harm,0.9252254509018036,0.08657566677257604,0.002
01_ESC50,top1_conflict,any_M_P5_benefit,0.972972972972973,0.01818181818181818,0.001
01_ESC50,top1_conflict,fixed_M1_P5_benefit,0.972736368184092,0.00909090909090909,0.0005
01_ESC50,top1_conflict,fixed_M1_P5_harm,0.4724448897795591,0.002,0.002
01_ESC50,js_divergence,any_M_P5_benefit,0.953953953953954,0.015639481000926783,0.001
01_ESC50,js_divergence,fixed_M1_P5_benefit,0.9589794897448725,0.012048192771084338,0.0005
01_ESC50,js_divergence,fixed_M1_P5_harm,0.9321142284569138,0.019677058228791528,0.002
01_ESC50,distribution_l1_change,any_M_P5_benefit,0.9527027027027027,0.015297202797202798,0.001
01_ESC50,distribution_l1_change,fixed_M1_P5_benefit,0.9564782391195598,0.011363636363636364,0.0005
01_ESC50,distribution_l1_change,fixed_M1_P5_harm,0.9254759519038076,0.017877121790213463,0.002
01_ESC50,top1_score_change_abs,any_M_P5_benefit,0.7782782782782783,0.003349875930521092,0.001
01_ESC50,top1_score_change_abs,fixed_M1_P5_benefit,0.7833916958479239,0.002304147465437788,0.0005
01_ESC50,top1_score_change_abs,fixed_M1_P5_harm,0.13652304609218435,0.0017345215759849908,0.002
01_ESC50,neg_evidence_support,any_M_P5_benefit,0.8380880880880881,0.0049624060150375935,0.001
01_ESC50,neg_evidence_support,fixed_M1_P5_benefit,0.7628814407203602,0.002105263157894737,0.0005
01_ESC50,neg_evidence_support,fixed_M1_P5_harm,0.9615480961923848,0.02722114920328344,0.002
01_ESC50,evidence_variance,any_M_P5_benefit,0.8403403403403403,0.004565153156702453,0.001
01_ESC50,evidence_variance,fixed_M1_P5_benefit,0.8574287143571786,0.0034965034965034965,0.0005
01_ESC50,evidence_variance,fixed_M1_P5_harm,0.14591683366733466,0.0017522704339051464,0.002
02_UrbanSound8K,neg_base_margin,any_M_P5_benefit,0.7703483618920542,0.043564241811530686,0.015231333027943198
02_UrbanSound8K,neg_base_margin,fixed_M1_P5_benefit,0.7704376871688551,0.019655874381765758,0.0057260650480989465
02_UrbanSound8K,neg_base_margin,fixed_M1_P5_harm,0.8093423657775922,0.03398577800249517,0.010192395785616124
02_UrbanSound8K,neg_first_margin,any_M_P5_benefit,0.849067517030744,0.084624077350874,0.015231333027943198
02_UrbanSound8K,neg_first_margin,fixed_M1_P5_benefit,0.8029002533978344,0.020546383705676255,0.0057260650480989465
02_UrbanSound8K,neg_first_margin,fixed_M1_P5_harm,0.8177768071063548,0.04145443577003903,0.010192395785616124
02_UrbanSound8K,base_entropy,any_M_P5_benefit,0.7757564046177775,0.052462124253091325,0.015231333027943198
02_UrbanSound8K,base_entropy,fixed_M1_P5_benefit,0.7747592720571298,0.01783865834824058,0.0057260650480989465
02_UrbanSound8K,base_entropy,fixed_M1_P5_harm,0.8187713119794287,0.05294632795827227,0.010192395785616124
02_UrbanSound8K,first_entropy,any_M_P5_benefit,0.8547068333702029,0.11039033579244502,0.015231333027943198
02_UrbanSound8K,first_entropy,fixed_M1_P5_benefit,0.8105090992858788,0.023306888754223275,0.0057260650480989465
02_UrbanSound8K,first_entropy,fixed_M1_P5_harm,0.8302438681949541,0.05760890838158788,0.010192395785616124
02_UrbanSound8K,top1_conflict,any_M_P5_benefit,0.7685969779664884,0.08208906141840935,0.015231333027943198
02_UrbanSound8K,top1_conflict,fixed_M1_P5_benefit,0.684812255240728,0.01849885551066369,0.0057260650480989465
02_UrbanSound8K,top1_conflict,fixed_M1_P5_harm,0.6847380552164706,0.03272430776602855,0.010192395785616124
02_UrbanSound8K,js_divergence,any_M_P5_benefit,0.8786683536379033,0.2050137429173528,0.015231333027943198
02_UrbanSound8K,js_divergence,fixed_M1_P5_benefit,0.8339207555862704,0.039981043347767406,0.0057260650480989465
02_UrbanSound8K,js_divergence,fixed_M1_P5_harm,0.8241897385297187,0.055497248193447715,0.010192395785616124
02_UrbanSound8K,distribution_l1_change,any_M_P5_benefit,0.8784165320849513,0.1992865593677863,0.015231333027943198
02_UrbanSound8K,distribution_l1_change,fixed_M1_P5_benefit,0.8318843584427551,0.03898624387670189,0.0057260650480989465
02_UrbanSound8K,distribution_l1_change,fixed_M1_P5_harm,0.8256236455558633,0.05383111355118418,0.010192395785616124
02_UrbanSound8K,top1_score_change_abs,any_M_P5_benefit,0.7771816446570549,0.1795052818114176,0.015231333027943198
02_UrbanSound8K,top1_score_change_abs,fixed_M1_P5_benefit,0.7791315365123244,0.051183940066699254,0.0057260650480989465
02_UrbanSound8K,top1_score_change_abs,fixed_M1_P5_harm,0.6870559665742362,0.06574631073213463,0.010192395785616124
02_UrbanSound8K,neg_evidence_support,any_M_P5_benefit,0.7983547658540466,0.04846969783891819,0.015231333027943198
02_UrbanSound8K,neg_evidence_support,fixed_M1_P5_benefit,0.769649850264916,0.018828367793460588,0.0057260650480989465
02_UrbanSound8K,neg_evidence_support,fixed_M1_P5_harm,0.827112152849549,0.040139749079061,0.010192395785616124
02_UrbanSound8K,evidence_variance,any_M_P5_benefit,0.6649286899071145,0.05745565861875604,0.015231333027943198
02_UrbanSound8K,evidence_variance,fixed_M1_P5_benefit,0.6139990785533287,0.024749119095695223,0.0057260650480989465
02_UrbanSound8K,evidence_variance,fixed_M1_P5_harm,0.5464043773814492,0.013458406104512268,0.010192395785616124
03_FSD50K,neg_base_margin,any_M_P5_benefit,0.6734951042003096,0.02409057877796469,0.014954549897370736
03_FSD50K,neg_base_margin,fixed_M1_P5_benefit,0.6512095704945109,0.011084572820568139,0.007623888182973317
03_FSD50K,neg_base_margin,fixed_M1_P5_harm,0.6663212357727901,0.01980306285575789,0.011631316586843906
03_FSD50K,neg_first_margin,any_M_P5_benefit,0.7227870972428132,0.06942109704073147,0.014954549897370736
03_FSD50K,neg_first_margin,fixed_M1_P5_benefit,0.7425757702030724,0.07404407005276284,0.007623888182973317
03_FSD50K,neg_first_margin,fixed_M1_P5_harm,0.6810208854111264,0.030908394979090488,0.011631316586843906
03_FSD50K,base_entropy,any_M_P5_benefit,0.6868705145615831,0.03350862752206668,0.014954549897370736
03_FSD50K,base_entropy,fixed_M1_P5_benefit,0.666945730326012,0.01216715051456239,0.007623888182973317
03_FSD50K,base_entropy,fixed_M1_P5_harm,0.6803199127752367,0.027760646786402235,0.011631316586843906
03_FSD50K,first_entropy,any_M_P5_benefit,0.7311577538338216,0.04784199467555293,0.014954549897370736
03_FSD50K,first_entropy,fixed_M1_P5_benefit,0.7415883141776966,0.03406760579565963,0.007623888182973317
03_FSD50K,first_entropy,fixed_M1_P5_harm,0.7019357980533986,0.035844207703787295,0.011631316586843906
03_FSD50K,top1_conflict,any_M_P5_benefit,0.6189924471475432,0.021246299706118563,0.014954549897370736
03_FSD50K,top1_conflict,fixed_M1_P5_benefit,0.583916083916084,0.009610599524736054,0.007623888182973317
03_FSD50K,top1_conflict,fixed_M1_P5_harm,0.5845833388735241,0.014678350238574365,0.011631316586843906
03_FSD50K,js_divergence,any_M_P5_benefit,0.6585074328732617,0.02111606240132598,0.014954549897370736
03_FSD50K,js_divergence,fixed_M1_P5_benefit,0.615831622332164,0.009320639946912629,0.007623888182973317
03_FSD50K,js_divergence,fixed_M1_P5_harm,0.6861686921604084,0.02049197930699188,0.011631316586843906
03_FSD50K,distribution_l1_change,any_M_P5_benefit,0.6665778172087782,0.021631766561810335,0.014954549897370736
03_FSD50K,distribution_l1_change,fixed_M1_P5_benefit,0.6290435819146546,0.009668731763294594,0.007623888182973317
03_FSD50K,distribution_l1_change,fixed_M1_P5_harm,0.684793339804276,0.020182741638165212,0.011631316586843906
03_FSD50K,top1_score_change_abs,any_M_P5_benefit,0.5426590891698347,0.01779270078189749,0.014954549897370736
03_FSD50K,top1_score_change_abs,fixed_M1_P5_benefit,0.47803541709283853,0.006960767640154259,0.007623888182973317
03_FSD50K,top1_score_change_abs,fixed_M1_P5_harm,0.5153906499308585,0.012316961858239042,0.011631316586843906
03_FSD50K,neg_evidence_support,any_M_P5_benefit,0.6291683042205438,0.019996932518342683,0.014954549897370736
03_FSD50K,neg_evidence_support,fixed_M1_P5_benefit,0.6305575969714647,0.010349136800887731,0.007623888182973317
03_FSD50K,neg_evidence_support,fixed_M1_P5_harm,0.6853210429741516,0.018766549310400615,0.011631316586843906
03_FSD50K,evidence_variance,any_M_P5_benefit,0.485077830828038,0.014804408069977043,0.014954549897370736
03_FSD50K,evidence_variance,fixed_M1_P5_benefit,0.40757815676558906,0.006016093566647342,0.007623888182973317
03_FSD50K,evidence_variance,fixed_M1_P5_harm,0.525771028348048,0.013600011437167303,0.011631316586843906
04_DCASE17_T4,neg_base_margin,any_M_P5_benefit,0.6666666666666666,0.06466360569000379,0.028639618138424822
04_DCASE17_T4,neg_base_margin,fixed_M1_P5_benefit,0.8077294685990339,0.08014003605154835,0.011933174224343675
04_DCASE17_T4,neg_base_margin,fixed_M1_P5_harm,0.654673721340388,0.05930153043591385,0.03341288782816229
04_DCASE17_T4,neg_first_margin,any_M_P5_benefit,0.6435298935298935,0.05454724287715662,0.028639618138424822
04_DCASE17_T4,neg_first_margin,fixed_M1_P5_benefit,0.5545893719806764,0.015097611117967601,0.011933174224343675
04_DCASE17_T4,neg_first_margin,fixed_M1_P5_harm,0.709700176366843,0.09637587093155597,0.03341288782816229
04_DCASE17_T4,base_entropy,any_M_P5_benefit,0.7086404586404587,0.10621666226580143,0.028639618138424822
04_DCASE17_T4,base_entropy,fixed_M1_P5_benefit,0.8855072463768116,0.1499283288734488,0.011933174224343675
04_DCASE17_T4,base_entropy,fixed_M1_P5_harm,0.6948853615520283,0.1002344132110276,0.03341288782816229
04_DCASE17_T4,first_entropy,any_M_P5_benefit,0.6957411957411958,0.09697926826682851,0.028639618138424822
04_DCASE17_T4,first_entropy,fixed_M1_P5_benefit,0.6318840579710145,0.02301663785805101,0.011933174224343675
04_DCASE17_T4,first_entropy,fixed_M1_P5_harm,0.7347442680776014,0.1082031360223385,0.03341288782816229
04_DCASE17_T4,top1_conflict,any_M_P5_benefit,0.5278460278460279,0.030489090154961283,0.028639618138424822
04_DCASE17_T4,top1_conflict,fixed_M1_P5_benefit,0.5611111111111111,0.013997511372213042,0.011933174224343675
04_DCASE17_T4,top1_conflict,fixed_M1_P5_harm,0.6880952380952382,0.06138372367489313,0.03341288782816229
04_DCASE17_T4,js_divergence,any_M_P5_benefit,0.664004914004914,0.05581032688005142,0.028639618138424822
04_DCASE17_T4,js_divergence,fixed_M1_P5_benefit,0.7057971014492754,0.02589620177930728,0.011933174224343675
04_DCASE17_T4,js_divergence,fixed_M1_P5_harm,0.698589065255732,0.17027761719326334,0.03341288782816229
04_DCASE17_T4,distribution_l1_change,any_M_P5_benefit,0.664004914004914,0.05828249829828731,0.028639618138424822
04_DCASE17_T4,distribution_l1_change,fixed_M1_P5_benefit,0.7048309178743961,0.02608715706352281,0.011933174224343675
04_DCASE17_T4,distribution_l1_change,fixed_M1_P5_harm,0.7112874779541446,0.17354434049907005,0.03341288782816229
04_DCASE17_T4,top1_score_change_abs,any_M_P5_benefit,0.47041359541359534,0.033236395309465025,0.028639618138424822
04_DCASE17_T4,top1_score_change_abs,fixed_M1_P5_benefit,0.585024154589372,0.03037051637868604,0.011933174224343675
04_DCASE17_T4,top1_score_change_abs,fixed_M1_P5_harm,0.4514991181657848,0.04177355100790948,0.03341288782816229
04_DCASE17_T4,neg_evidence_support,any_M_P5_benefit,0.7625921375921375,0.06411879730974412,0.028639618138424822
04_DCASE17_T4,neg_evidence_support,fixed_M1_P5_benefit,0.7637681159420291,0.029432772930396894,0.011933174224343675
04_DCASE17_T4,neg_evidence_support,fixed_M1_P5_harm,0.7555555555555556,0.08027294064485886,0.03341288782816229
04_DCASE17_T4,evidence_variance,any_M_P5_benefit,0.40919328419328416,0.024483384921987116,0.028639618138424822
04_DCASE17_T4,evidence_variance,fixed_M1_P5_benefit,0.5140096618357488,0.014416607739814728,0.011933174224343675
04_DCASE17_T4,evidence_variance,fixed_M1_P5_harm,0.4264550264550265,0.02888381776933019,0.03341288782816229
05_AudioSet,neg_base_margin,any_M_P5_benefit,0.5919155363266844,0.03319210037511617,0.02675100098647943
05_AudioSet,neg_base_margin,fixed_M1_P5_benefit,0.5692748806741045,0.016600193789735616,0.013868740207740963
05_AudioSet,neg_base_margin,fixed_M1_P5_harm,0.5765343328432624,0.028810089433670936,0.0235014216909418
05_AudioSet,neg_first_margin,any_M_P5_benefit,0.6152961008767323,0.04095045888749592,0.02675100098647943
05_AudioSet,neg_first_margin,fixed_M1_P5_benefit,0.6047395265766947,0.025252239825306624,0.013868740207740963
05_AudioSet,neg_first_margin,fixed_M1_P5_harm,0.56199353223757,0.03059198495684882,0.0235014216909418
05_AudioSet,base_entropy,any_M_P5_benefit,0.6218305299660161,0.03831377557715325,0.02675100098647943
05_AudioSet,base_entropy,fixed_M1_P5_benefit,0.5939832074623433,0.019090830826012876,0.013868740207740963
05_AudioSet,base_entropy,fixed_M1_P5_harm,0.6103233294303732,0.03682770586004177,0.0235014216909418
05_AudioSet,first_entropy,any_M_P5_benefit,0.6360367552987031,0.043330008275497774,0.02675100098647943
05_AudioSet,first_entropy,fixed_M1_P5_benefit,0.6140971241141963,0.02093996128455394,0.013868740207740963
05_AudioSet,first_entropy,fixed_M1_P5_harm,0.5893871765751966,0.039870221720631246,0.0235014216909418
05_AudioSet,top1_conflict,any_M_P5_benefit,0.5597394531635982,0.03083459913645433,0.02675100098647943
05_AudioSet,top1_conflict,fixed_M1_P5_benefit,0.5597045573062214,0.01601906143342275,0.013868740207740963
05_AudioSet,top1_conflict,fixed_M1_P5_harm,0.544788888008522,0.026040815821228032,0.0235014216909418
05_AudioSet,js_divergence,any_M_P5_benefit,0.5881365776966362,0.03228219261070463,0.02675100098647943
05_AudioSet,js_divergence,fixed_M1_P5_benefit,0.5776500985088018,0.017441794098145502,0.013868740207740963
05_AudioSet,js_divergence,fixed_M1_P5_harm,0.5711123729703873,0.028350131007968404,0.0235014216909418
05_AudioSet,distribution_l1_change,any_M_P5_benefit,0.5894779052785528,0.03244147815666265,0.02675100098647943
05_AudioSet,distribution_l1_change,fixed_M1_P5_benefit,0.5783604156623332,0.017546798285539098,0.013868740207740963
05_AudioSet,distribution_l1_change,fixed_M1_P5_harm,0.5709908823330898,0.028310508181382754,0.0235014216909418
05_AudioSet,top1_score_change_abs,any_M_P5_benefit,0.4675146781667411,0.02344346414147127,0.02675100098647943
05_AudioSet,top1_score_change_abs,fixed_M1_P5_benefit,0.4499391367763075,0.011905691491824699,0.013868740207740963
05_AudioSet,top1_score_change_abs,fixed_M1_P5_harm,0.49966575401960867,0.023379756525415126,0.0235014216909418
05_AudioSet,neg_evidence_support,any_M_P5_benefit,0.6236422469429216,0.03527743920236222,0.02675100098647943
05_AudioSet,neg_evidence_support,fixed_M1_P5_benefit,0.6090727074236884,0.0189984545322699,0.013868740207740963
05_AudioSet,neg_evidence_support,fixed_M1_P5_harm,0.5591017469414585,0.026261086951246636,0.0235014216909418
05_AudioSet,evidence_variance,any_M_P5_benefit,0.490420391283272,0.025344542574381866,0.02675100098647943
05_AudioSet,evidence_variance,fixed_M1_P5_benefit,0.472343549261541,0.013112493106281226,0.013868740207740963
05_AudioSet,evidence_variance,fixed_M1_P5_harm,0.49195594056936265,0.023010100131377782,0.0235014216909418
06_TUT2017,neg_base_margin,any_M_P5_benefit,0.6744881943111372,0.011691378713570065,0.00405982905982906
06_TUT2017,neg_base_margin,fixed_M1_P5_benefit,0.6898395721925134,0.0023846082646111965,0.0010683760683760685
06_TUT2017,neg_base_margin,fixed_M1_P5_harm,0.6962531463502337,0.01892942094490239,0.009615384615384616
06_TUT2017,neg_first_margin,any_M_P5_benefit,0.5952528822592847,0.00879361357526173,0.00405982905982906
06_TUT2017,neg_first_margin,fixed_M1_P5_benefit,0.5709090909090909,0.007812268869008878,0.0010683760683760685
06_TUT2017,neg_first_margin,fixed_M1_P5_harm,0.6663909864557113,0.02222398284606214,0.009615384615384616
06_TUT2017,base_entropy,any_M_P5_benefit,0.6685373592746079,0.00871106628514305,0.00405982905982906
06_TUT2017,base_entropy,fixed_M1_P5_benefit,0.6903957219251337,0.0020794333217735634,0.0010683760683760685
06_TUT2017,base_entropy,fixed_M1_P5_harm,0.6937935994246673,0.028176363204105805,0.009615384615384616
06_TUT2017,first_entropy,any_M_P5_benefit,0.6391332332117572,0.03572229027387978,0.00405982905982906
06_TUT2017,first_entropy,fixed_M1_P5_benefit,0.6521497326203208,0.1081441664707908,0.0010683760683760685
06_TUT2017,first_entropy,fixed_M1_P5_harm,0.7085269087858085,0.030458135530045158,0.009615384615384616
06_TUT2017,top1_conflict,any_M_P5_benefit,0.635536760803532,0.006113565646214696,0.00405982905982906
06_TUT2017,top1_conflict,fixed_M1_P5_benefit,0.645668449197861,0.001672163705358726,0.0010683760683760685
06_TUT2017,top1_conflict,fixed_M1_P5_harm,0.6693635382955772,0.016343346218864893,0.009615384615384616
06_TUT2017,js_divergence,any_M_P5_benefit,0.6873609683939521,0.0078591469562523,0.00405982905982906
06_TUT2017,js_divergence,fixed_M1_P5_benefit,0.7407058823529411,0.003904167232143825,0.0010683760683760685
06_TUT2017,js_divergence,fixed_M1_P5_harm,0.7147117343881098,0.038812344030379524,0.009615384615384616
06_TUT2017,distribution_l1_change,any_M_P5_benefit,0.6745446538465882,0.007293321989460176,0.00405982905982906
06_TUT2017,distribution_l1_change,fixed_M1_P5_benefit,0.7337326203208556,0.0033454480337387184,0.0010683760683760685
06_TUT2017,distribution_l1_change,fixed_M1_P5_harm,0.7121371209397099,0.03890939384221273,0.009615384615384616
06_TUT2017,top1_score_change_abs,any_M_P5_benefit,0.5299856592779955,0.008515909936887221,0.00405982905982906
06_TUT2017,top1_score_change_abs,fixed_M1_P5_benefit,0.2531122994652406,0.0009479253667648303,0.0010683760683760685
06_TUT2017,top1_score_change_abs,fixed_M1_P5_harm,0.5800767110152223,0.03507642748654573,0.009615384615384616
06_TUT2017,neg_evidence_support,any_M_P5_benefit,0.7475129574633859,0.011644353131086745,0.00405982905982906
06_TUT2017,neg_evidence_support,fixed_M1_P5_benefit,0.8765133689839573,0.008785059741773958,0.0010683760683760685
06_TUT2017,neg_evidence_support,fixed_M1_P5_harm,0.6697279156178833,0.015617660014319917,0.009615384615384616
06_TUT2017,evidence_variance,any_M_P5_benefit,0.3899321356383879,0.0035848082513201644,0.00405982905982906
06_TUT2017,evidence_variance,fixed_M1_P5_benefit,0.17277005347593583,0.0008733794217834606,0.0010683760683760685
06_TUT2017,evidence_variance,fixed_M1_P5_harm,0.5703535898357905,0.012171328273286174,0.009615384615384616
