dataset,feature,trigger_budget,trigger_n,fixed_rescue_covered,fixed_rescue_recall,fixed_harm_triggered,harm_per_trigger,any_M_rescue_recall
01_ESC50,neg_base_margin,0.1,200,0,0.0,1,0.005,0.0
01_ESC50,neg_base_margin,0.2,400,1,1.0,1,0.0025,1.0
01_ESC50,neg_base_margin,0.3,600,1,1.0,3,0.005,1.0
01_ESC50,neg_base_margin,0.5,1000,1,1.0,4,0.004,1.0
01_ESC50,neg_first_margin,0.1,200,1,1.0,2,0.01,1.0
01_ESC50,neg_first_margin,0.2,400,1,1.0,3,0.0075,1.0
01_ESC50,neg_first_margin,0.3,600,1,1.0,4,0.006666666666666667,1.0
01_ESC50,neg_first_margin,0.5,1000,1,1.0,4,0.004,1.0
01_ESC50,base_entropy,0.1,200,0,0.0,1,0.005,0.0
01_ESC50,base_entropy,0.2,400,1,1.0,1,0.0025,1.0
01_ESC50,base_entropy,0.3,600,1,1.0,3,0.005,1.0
01_ESC50,base_entropy,0.5,1000,1,1.0,4,0.004,1.0
01_ESC50,first_entropy,0.1,200,1,1.0,2,0.01,1.0
01_ESC50,first_entropy,0.2,400,1,1.0,4,0.01,1.0
01_ESC50,first_entropy,0.3,600,1,1.0,4,0.006666666666666667,1.0
01_ESC50,first_entropy,0.5,1000,1,1.0,4,0.004,1.0
01_ESC50,top1_conflict,0.1,200,1,1.0,0,0.0,1.0
01_ESC50,top1_conflict,0.2,400,1,1.0,1,0.0025,1.0
01_ESC50,top1_conflict,0.3,600,1,1.0,1,0.0016666666666666668,1.0
01_ESC50,top1_conflict,0.5,1000,1,1.0,1,0.001,1.0
01_ESC50,js_divergence,0.1,200,1,1.0,3,0.015,1.0
01_ESC50,js_divergence,0.2,400,1,1.0,4,0.01,1.0
01_ESC50,js_divergence,0.3,600,1,1.0,4,0.006666666666666667,1.0
01_ESC50,js_divergence,0.5,1000,1,1.0,4,0.004,1.0
01_ESC50,distribution_l1_change,0.1,200,1,1.0,3,0.015,1.0
01_ESC50,distribution_l1_change,0.2,400,1,1.0,4,0.01,1.0
01_ESC50,distribution_l1_change,0.3,600,1,1.0,4,0.006666666666666667,1.0
01_ESC50,distribution_l1_change,0.5,1000,1,1.0,4,0.004,1.0
01_ESC50,top1_score_change_abs,0.1,200,0,0.0,0,0.0,0.0
01_ESC50,top1_score_change_abs,0.2,400,0,0.0,0,0.0,0.0
01_ESC50,top1_score_change_abs,0.3,600,1,1.0,0,0.0,1.0
01_ESC50,top1_score_change_abs,0.5,1000,1,1.0,0,0.0,1.0
01_ESC50,neg_evidence_support,0.1,200,0,0.0,4,0.02,0.5
01_ESC50,neg_evidence_support,0.2,400,0,0.0,4,0.01,0.5
01_ESC50,neg_evidence_support,0.3,600,1,1.0,4,0.006666666666666667,1.0
01_ESC50,neg_evidence_support,0.5,1000,1,1.0,4,0.004,1.0
01_ESC50,evidence_variance,0.1,200,0,0.0,0,0.0,0.0
01_ESC50,evidence_variance,0.2,400,1,1.0,0,0.0,1.0
01_ESC50,evidence_variance,0.3,600,1,1.0,0,0.0,1.0
01_ESC50,evidence_variance,0.5,1000,1,1.0,1,0.001,1.0
02_UrbanSound8K,neg_base_margin,0.1,873,21,0.42,31,0.035509736540664374,0.3233082706766917
02_UrbanSound8K,neg_base_margin,0.2,1746,31,0.62,55,0.03150057273768614,0.5488721804511278
02_UrbanSound8K,neg_base_margin,0.3,2620,37,0.74,70,0.026717557251908396,0.706766917293233
02_UrbanSound8K,neg_base_margin,0.5,4366,42,0.84,83,0.0190105359596885,0.8947368421052632
02_UrbanSound8K,neg_first_margin,0.1,873,20,0.4,37,0.042382588774341354,0.48872180451127817
02_UrbanSound8K,neg_first_margin,0.2,1746,32,0.64,57,0.03264604810996564,0.7218045112781954
02_UrbanSound8K,neg_first_margin,0.3,2620,40,0.8,75,0.02862595419847328,0.8646616541353384
02_UrbanSound8K,neg_first_margin,0.5,4366,45,0.9,83,0.0190105359596885,0.9398496240601504
02_UrbanSound8K,base_entropy,0.1,873,21,0.42,32,0.03665521191294387,0.3383458646616541
02_UrbanSound8K,base_entropy,0.2,1746,32,0.64,57,0.03264604810996564,0.5789473684210527
02_UrbanSound8K,base_entropy,0.3,2620,37,0.74,70,0.026717557251908396,0.706766917293233
02_UrbanSound8K,base_entropy,0.5,4366,42,0.84,83,0.0190105359596885,0.8947368421052632
02_UrbanSound8K,first_entropy,0.1,873,21,0.42,37,0.042382588774341354,0.49624060150375937
02_UrbanSound8K,first_entropy,0.2,1746,33,0.66,58,0.033218785796105384,0.7293233082706767
02_UrbanSound8K,first_entropy,0.3,2620,41,0.82,75,0.02862595419847328,0.8721804511278195
02_UrbanSound8K,first_entropy,0.5,4366,45,0.9,83,0.0190105359596885,0.9398496240601504
02_UrbanSound8K,top1_conflict,0.1,873,22,0.44,39,0.044673539518900345,0.6090225563909775
02_UrbanSound8K,top1_conflict,0.2,1746,22,0.44,43,0.024627720504009163,0.6165413533834586
02_UrbanSound8K,top1_conflict,0.3,2620,22,0.44,46,0.017557251908396947,0.6165413533834586
02_UrbanSound8K,top1_conflict,0.5,4366,36,0.72,52,0.011910215300045808,0.7593984962406015
02_UrbanSound8K,js_divergence,0.1,873,26,0.52,40,0.045819014891179836,0.6541353383458647
02_UrbanSound8K,js_divergence,0.2,1746,36,0.72,57,0.03264604810996564,0.7819548872180451
02_UrbanSound8K,js_divergence,0.3,2620,41,0.82,72,0.02748091603053435,0.8721804511278195
02_UrbanSound8K,js_divergence,0.5,4366,45,0.9,82,0.018781493357764543,0.9323308270676691
02_UrbanSound8K,distribution_l1_change,0.1,873,26,0.52,42,0.048109965635738834,0.6466165413533834
02_UrbanSound8K,distribution_l1_change,0.2,1746,37,0.74,55,0.03150057273768614,0.8045112781954887
02_UrbanSound8K,distribution_l1_change,0.3,2620,41,0.82,72,0.02748091603053435,0.8646616541353384
02_UrbanSound8K,distribution_l1_change,0.5,4366,45,0.9,82,0.018781493357764543,0.9323308270676691
02_UrbanSound8K,top1_score_change_abs,0.1,873,27,0.54,29,0.033218785796105384,0.5112781954887218
02_UrbanSound8K,top1_score_change_abs,0.2,1746,33,0.66,39,0.022336769759450172,0.631578947368421
02_UrbanSound8K,top1_score_change_abs,0.3,2620,36,0.72,53,0.020229007633587787,0.6992481203007519
02_UrbanSound8K,top1_score_change_abs,0.5,4366,42,0.84,62,0.014200641319285386,0.8195488721804511
02_UrbanSound8K,neg_evidence_support,0.1,873,18,0.36,41,0.046964490263459335,0.42105263157894735
02_UrbanSound8K,neg_evidence_support,0.2,1746,27,0.54,64,0.03665521191294387,0.5939849624060151
02_UrbanSound8K,neg_evidence_support,0.3,2620,35,0.7,74,0.028244274809160305,0.7293233082706767
02_UrbanSound8K,neg_evidence_support,0.5,4366,45,0.9,82,0.018781493357764543,0.9548872180451128
02_UrbanSound8K,evidence_variance,0.1,873,12,0.24,16,0.018327605956471937,0.3007518796992481
02_UrbanSound8K,evidence_variance,0.2,1746,22,0.44,25,0.0143184421534937,0.46616541353383456
02_UrbanSound8K,evidence_variance,0.3,2620,24,0.48,34,0.012977099236641221,0.518796992481203
02_UrbanSound8K,evidence_variance,0.5,4366,30,0.6,46,0.010535959688502062,0.6766917293233082
03_FSD50K,neg_base_margin,0.1,1023,8,0.10256410256410256,26,0.02541544477028348,0.1830065359477124
03_FSD50K,neg_base_margin,0.2,2046,24,0.3076923076923077,42,0.020527859237536656,0.35294117647058826
03_FSD50K,neg_base_margin,0.3,3069,36,0.46153846153846156,58,0.018898664059954384,0.49019607843137253
03_FSD50K,neg_base_margin,0.5,5116,57,0.7307692307692307,88,0.017200938232994525,0.7647058823529411
03_FSD50K,neg_first_margin,0.1,1023,40,0.5128205128205128,31,0.030303030303030304,0.39215686274509803
03_FSD50K,neg_first_margin,0.2,2046,43,0.5512820512820513,44,0.021505376344086023,0.49673202614379086
03_FSD50K,neg_first_margin,0.3,3069,48,0.6153846153846154,60,0.019550342130987292,0.6143790849673203
03_FSD50K,neg_first_margin,0.5,5116,61,0.782051282051282,87,0.017005473025801406,0.7647058823529411
03_FSD50K,base_entropy,0.1,1023,10,0.1282051282051282,30,0.02932551319648094,0.1895424836601307
03_FSD50K,base_entropy,0.2,2046,30,0.38461538461538464,48,0.02346041055718475,0.39215686274509803
03_FSD50K,base_entropy,0.3,3069,40,0.5128205128205128,59,0.019224503095470837,0.5294117647058824
03_FSD50K,base_entropy,0.5,5116,58,0.7435897435897436,85,0.016614542611415168,0.7581699346405228
03_FSD50K,first_entropy,0.1,1023,30,0.38461538461538464,37,0.03616813294232649,0.35947712418300654
03_FSD50K,first_entropy,0.2,2046,45,0.5769230769230769,57,0.02785923753665689,0.5490196078431373
03_FSD50K,first_entropy,0.3,3069,53,0.6794871794871795,64,0.020853698273053112,0.6470588235294118
03_FSD50K,first_entropy,0.5,5116,62,0.7948717948717948,89,0.017396403440187648,0.7777777777777778
03_FSD50K,top1_conflict,0.1,1023,10,0.1282051282051282,24,0.02346041055718475,0.1830065359477124
03_FSD50K,top1_conflict,0.2,2046,23,0.2948717948717949,42,0.020527859237536656,0.37254901960784315
03_FSD50K,top1_conflict,0.3,3069,36,0.46153846153846156,56,0.018246985988921473,0.5294117647058824
03_FSD50K,top1_conflict,0.5,5116,55,0.7051282051282052,81,0.015832681782642688,0.7254901960784313
03_FSD50K,js_divergence,0.1,1023,3,0.038461538461538464,20,0.019550342130987292,0.09803921568627451
03_FSD50K,js_divergence,0.2,2046,13,0.16666666666666666,39,0.01906158357771261,0.24836601307189543
03_FSD50K,js_divergence,0.3,3069,32,0.41025641025641024,64,0.020853698273053112,0.48366013071895425
03_FSD50K,js_divergence,0.5,5116,56,0.717948717948718,96,0.018764659890539485,0.7712418300653595
03_FSD50K,distribution_l1_change,0.1,1023,3,0.038461538461538464,20,0.019550342130987292,0.09803921568627451
03_FSD50K,distribution_l1_change,0.2,2046,14,0.1794871794871795,40,0.019550342130987292,0.26143790849673204
03_FSD50K,distribution_l1_change,0.3,3069,32,0.41025641025641024,63,0.020527859237536656,0.49673202614379086
03_FSD50K,distribution_l1_change,0.5,5116,61,0.782051282051282,97,0.018960125097732605,0.8235294117647058
03_FSD50K,top1_score_change_abs,0.1,1023,5,0.0641025641025641,12,0.011730205278592375,0.12418300653594772
03_FSD50K,top1_score_change_abs,0.2,2046,9,0.11538461538461539,25,0.012218963831867057,0.22875816993464052
03_FSD50K,top1_score_change_abs,0.3,3069,17,0.21794871794871795,40,0.013033561420658195,0.32679738562091504
03_FSD50K,top1_score_change_abs,0.5,5116,35,0.44871794871794873,65,0.012705238467552775,0.5424836601307189
03_FSD50K,neg_evidence_support,0.1,1023,5,0.0641025641025641,8,0.007820136852394917,0.06535947712418301
03_FSD50K,neg_evidence_support,0.2,2046,24,0.3076923076923077,46,0.022482893450635387,0.2875816993464052
03_FSD50K,neg_evidence_support,0.3,3069,39,0.5,67,0.021831215379602475,0.5098039215686274
03_FSD50K,neg_evidence_support,0.5,5116,56,0.717948717948718,96,0.018764659890539485,0.7189542483660131
03_FSD50K,evidence_variance,0.1,1023,3,0.038461538461538464,16,0.015640273704789834,0.11764705882352941
03_FSD50K,evidence_variance,0.2,2046,9,0.11538461538461539,29,0.014173998044965786,0.19607843137254902
03_FSD50K,evidence_variance,0.3,3069,13,0.16666666666666666,41,0.01335940045617465,0.27450980392156865
03_FSD50K,evidence_variance,0.5,5116,28,0.358974358974359,60,0.011727912431587178,0.47058823529411764
04_DCASE17_T4,neg_base_margin,0.1,42,1,0.2,3,0.07142857142857142,0.08333333333333333
04_DCASE17_T4,neg_base_margin,0.2,84,3,0.6,5,0.05952380952380952,0.3333333333333333
04_DCASE17_T4,neg_base_margin,0.3,126,4,0.8,7,0.05555555555555555,0.5
04_DCASE17_T4,neg_base_margin,0.5,210,5,1.0,10,0.047619047619047616,0.75
04_DCASE17_T4,neg_first_margin,0.1,42,0,0.0,4,0.09523809523809523,0.25
04_DCASE17_T4,neg_first_margin,0.2,84,0,0.0,5,0.05952380952380952,0.25
04_DCASE17_T4,neg_first_margin,0.3,126,1,0.2,8,0.06349206349206349,0.5
04_DCASE17_T4,neg_first_margin,0.5,210,4,0.8,11,0.05238095238095238,0.75
04_DCASE17_T4,base_entropy,0.1,42,4,0.8,5,0.11904761904761904,0.4166666666666667
04_DCASE17_T4,base_entropy,0.2,84,4,0.8,8,0.09523809523809523,0.4166666666666667
04_DCASE17_T4,base_entropy,0.3,126,4,0.8,8,0.06349206349206349,0.5833333333333334
04_DCASE17_T4,base_entropy,0.5,210,5,1.0,10,0.047619047619047616,0.75
04_DCASE17_T4,first_entropy,0.1,42,1,0.2,4,0.09523809523809523,0.4166666666666667
04_DCASE17_T4,first_entropy,0.2,84,1,0.2,8,0.09523809523809523,0.4166666666666667
04_DCASE17_T4,first_entropy,0.3,126,1,0.2,8,0.06349206349206349,0.5
04_DCASE17_T4,first_entropy,0.5,210,4,0.8,11,0.05238095238095238,0.75
04_DCASE17_T4,top1_conflict,0.1,42,0,0.0,4,0.09523809523809523,0.08333333333333333
04_DCASE17_T4,top1_conflict,0.2,84,1,0.2,7,0.08333333333333333,0.25
04_DCASE17_T4,top1_conflict,0.3,126,2,0.4,9,0.07142857142857142,0.3333333333333333
04_DCASE17_T4,top1_conflict,0.5,210,2,0.4,11,0.05238095238095238,0.4166666666666667
04_DCASE17_T4,js_divergence,0.1,42,1,0.2,3,0.07142857142857142,0.16666666666666666
04_DCASE17_T4,js_divergence,0.2,84,1,0.2,3,0.03571428571428571,0.16666666666666666
04_DCASE17_T4,js_divergence,0.3,126,3,0.6,9,0.07142857142857142,0.5833333333333334
04_DCASE17_T4,js_divergence,0.5,210,4,0.8,12,0.05714285714285714,0.75
04_DCASE17_T4,distribution_l1_change,0.1,42,1,0.2,3,0.07142857142857142,0.16666666666666666
04_DCASE17_T4,distribution_l1_change,0.2,84,1,0.2,4,0.047619047619047616,0.25
04_DCASE17_T4,distribution_l1_change,0.3,126,3,0.6,10,0.07936507936507936,0.5833333333333334
04_DCASE17_T4,distribution_l1_change,0.5,210,4,0.8,12,0.05714285714285714,0.75
04_DCASE17_T4,top1_score_change_abs,0.1,42,2,0.4,2,0.047619047619047616,0.16666666666666666
04_DCASE17_T4,top1_score_change_abs,0.2,84,2,0.4,3,0.03571428571428571,0.25
04_DCASE17_T4,top1_score_change_abs,0.3,126,2,0.4,3,0.023809523809523808,0.25
04_DCASE17_T4,top1_score_change_abs,0.5,210,3,0.6,4,0.01904761904761905,0.4166666666666667
04_DCASE17_T4,neg_evidence_support,0.1,42,0,0.0,1,0.023809523809523808,0.08333333333333333
04_DCASE17_T4,neg_evidence_support,0.2,84,2,0.4,9,0.10714285714285714,0.5
04_DCASE17_T4,neg_evidence_support,0.3,126,3,0.6,10,0.07936507936507936,0.6666666666666666
04_DCASE17_T4,neg_evidence_support,0.5,210,5,1.0,12,0.05714285714285714,0.9166666666666666
04_DCASE17_T4,evidence_variance,0.1,42,0,0.0,0,0.0,0.0
04_DCASE17_T4,evidence_variance,0.2,84,0,0.0,0,0.0,0.0
04_DCASE17_T4,evidence_variance,0.3,126,1,0.2,2,0.015873015873015872,0.16666666666666666
04_DCASE17_T4,evidence_variance,0.5,210,3,0.6,6,0.02857142857142857,0.4166666666666667
05_AudioSet,neg_base_margin,0.1,1723,29,0.12133891213389121,51,0.02959953569355775,0.13449023861171366
05_AudioSet,neg_base_margin,0.2,3447,56,0.23430962343096234,105,0.030461270670147953,0.2603036876355748
05_AudioSet,neg_base_margin,0.3,5170,80,0.33472803347280333,158,0.03056092843326886,0.37310195227765725
05_AudioSet,neg_base_margin,0.5,8616,141,0.5899581589958159,255,0.029596100278551533,0.6203904555314533
05_AudioSet,neg_first_margin,0.1,1723,53,0.2217573221757322,65,0.03772489843296576,0.18655097613882862
05_AudioSet,neg_first_margin,0.2,3447,78,0.3263598326359833,107,0.031041485349579345,0.3188720173535792
05_AudioSet,neg_first_margin,0.3,5170,96,0.401673640167364,157,0.03036750483558994,0.4229934924078091
05_AudioSet,neg_first_margin,0.5,8616,152,0.6359832635983264,239,0.027739090064995357,0.6464208242950108
05_AudioSet,base_entropy,0.1,1723,40,0.16736401673640167,76,0.04410911201392919,0.16919739696312364
05_AudioSet,base_entropy,0.2,3447,63,0.26359832635983266,128,0.03713373948360894,0.2993492407809111
05_AudioSet,base_entropy,0.3,5170,93,0.3891213389121339,182,0.035203094777562866,0.4316702819956616
05_AudioSet,base_entropy,0.5,8616,148,0.6192468619246861,268,0.031104921077065924,0.6637744034707158
05_AudioSet,first_entropy,0.1,1723,48,0.200836820083682,81,0.047011027278003485,0.21475054229934923
05_AudioSet,first_entropy,0.2,3447,75,0.3138075313807531,135,0.0391644908616188,0.3405639913232104
05_AudioSet,first_entropy,0.3,5170,104,0.4351464435146444,175,0.033849129593810444,0.48156182212581344
05_AudioSet,first_entropy,0.5,8616,154,0.6443514644351465,249,0.028899721448467967,0.6616052060737527
05_AudioSet,top1_conflict,0.1,1723,29,0.12133891213389121,51,0.02959953569355775,0.12581344902386118
05_AudioSet,top1_conflict,0.2,3447,64,0.26778242677824265,94,0.027270089933275312,0.27765726681127983
05_AudioSet,top1_conflict,0.3,5170,93,0.3891213389121339,155,0.029980657640232108,0.39913232104121477
05_AudioSet,top1_conflict,0.5,8616,139,0.5815899581589958,230,0.02669452181987001,0.596529284164859
05_AudioSet,js_divergence,0.1,1723,32,0.13389121338912133,48,0.027858386535113175,0.1019522776572668
05_AudioSet,js_divergence,0.2,3447,57,0.2384937238493724,90,0.02610966057441253,0.25162689804772237
05_AudioSet,js_divergence,0.3,5170,89,0.3723849372384937,152,0.029400386847195356,0.3839479392624729
05_AudioSet,js_divergence,0.5,8616,144,0.602510460251046,251,0.029131847725162488,0.613882863340564
05_AudioSet,distribution_l1_change,0.1,1723,35,0.14644351464435146,48,0.027858386535113175,0.11496746203904555
05_AudioSet,distribution_l1_change,0.2,3447,58,0.24267782426778242,93,0.026979982593559618,0.24511930585683298
05_AudioSet,distribution_l1_change,0.3,5170,90,0.37656903765690375,147,0.028433268858800775,0.38611713665943603
05_AudioSet,distribution_l1_change,0.5,8616,147,0.6150627615062761,253,0.02936397400185701,0.6334056399132321
05_AudioSet,top1_score_change_abs,0.1,1723,17,0.07112970711297072,42,0.024376088218224026,0.06941431670281996
05_AudioSet,top1_score_change_abs,0.2,3447,33,0.13807531380753138,79,0.02291847983753989,0.14967462039045554
05_AudioSet,top1_score_change_abs,0.3,5170,51,0.21338912133891214,114,0.022050290135396517,0.2299349240780911
05_AudioSet,top1_score_change_abs,0.5,8616,99,0.41422594142259417,196,0.02274837511606314,0.4403470715835141
05_AudioSet,neg_evidence_support,0.1,1723,28,0.11715481171548117,33,0.019152640742890307,0.08676789587852494
05_AudioSet,neg_evidence_support,0.2,3447,79,0.3305439330543933,102,0.02959094865100087,0.2928416485900217
05_AudioSet,neg_evidence_support,0.3,5170,109,0.4560669456066946,144,0.027852998065764023,0.45336225596529284
05_AudioSet,neg_evidence_support,0.5,8616,161,0.6736401673640168,234,0.027158774373259052,0.7180043383947939
05_AudioSet,evidence_variance,0.1,1723,20,0.08368200836820083,35,0.020313406848520024,0.08026030368763558
05_AudioSet,evidence_variance,0.2,3447,42,0.17573221757322174,74,0.021467943138961415,0.18004338394793926
05_AudioSet,evidence_variance,0.3,5170,65,0.2719665271966527,128,0.024758220502901353,0.28199566160520606
05_AudioSet,evidence_variance,0.5,8616,112,0.4686192468619247,201,0.023328690807799445,0.48590021691973967
06_TUT2017,neg_base_margin,0.1,468,1,0.2,8,0.017094017094017096,0.2631578947368421
06_TUT2017,neg_base_margin,0.2,936,2,0.4,17,0.018162393162393164,0.3684210526315789
06_TUT2017,neg_base_margin,0.3,1404,2,0.4,22,0.01566951566951567,0.47368421052631576
06_TUT2017,neg_base_margin,0.5,2340,4,0.8,37,0.01581196581196581,0.7368421052631579
06_TUT2017,neg_first_margin,0.1,468,1,0.2,12,0.02564102564102564,0.15789473684210525
06_TUT2017,neg_first_margin,0.2,936,2,0.4,18,0.019230769230769232,0.2631578947368421
06_TUT2017,neg_first_margin,0.3,1404,2,0.4,25,0.017806267806267807,0.3684210526315789
06_TUT2017,neg_first_margin,0.5,2340,3,0.6,31,0.013247863247863248,0.631578947368421
06_TUT2017,base_entropy,0.1,468,0,0.0,9,0.019230769230769232,0.15789473684210525
06_TUT2017,base_entropy,0.2,936,2,0.4,15,0.016025641025641024,0.42105263157894735
06_TUT2017,base_entropy,0.3,1404,3,0.6,24,0.017094017094017096,0.5263157894736842
06_TUT2017,base_entropy,0.5,2340,4,0.8,38,0.01623931623931624,0.7368421052631579
06_TUT2017,first_entropy,0.1,468,2,0.4,19,0.0405982905982906,0.15789473684210525
06_TUT2017,first_entropy,0.2,936,2,0.4,22,0.023504273504273504,0.3684210526315789
06_TUT2017,first_entropy,0.3,1404,3,0.6,24,0.017094017094017096,0.5789473684210527
06_TUT2017,first_entropy,0.5,2340,3,0.6,34,0.01452991452991453,0.631578947368421
06_TUT2017,top1_conflict,0.1,468,0,0.0,8,0.017094017094017096,0.3157894736842105
06_TUT2017,top1_conflict,0.2,936,3,0.6,23,0.024572649572649572,0.5263157894736842
06_TUT2017,top1_conflict,0.3,1404,3,0.6,29,0.020655270655270654,0.5789473684210527
06_TUT2017,top1_conflict,0.5,2340,3,0.6,30,0.01282051282051282,0.631578947368421
06_TUT2017,js_divergence,0.1,468,2,0.4,7,0.014957264957264958,0.21052631578947367
06_TUT2017,js_divergence,0.2,936,3,0.6,14,0.014957264957264958,0.3684210526315789
06_TUT2017,js_divergence,0.3,1404,4,0.8,28,0.019943019943019943,0.6842105263157895
06_TUT2017,js_divergence,0.5,2340,4,0.8,40,0.017094017094017096,0.7894736842105263
06_TUT2017,distribution_l1_change,0.1,468,1,0.2,6,0.01282051282051282,0.15789473684210525
06_TUT2017,distribution_l1_change,0.2,936,3,0.6,15,0.016025641025641024,0.3157894736842105
06_TUT2017,distribution_l1_change,0.3,1404,4,0.8,29,0.020655270655270654,0.6842105263157895
06_TUT2017,distribution_l1_change,0.5,2340,4,0.8,39,0.016666666666666666,0.7894736842105263
06_TUT2017,top1_score_change_abs,0.1,468,0,0.0,6,0.01282051282051282,0.05263157894736842
06_TUT2017,top1_score_change_abs,0.2,936,0,0.0,13,0.013888888888888888,0.2631578947368421
06_TUT2017,top1_score_change_abs,0.3,1404,1,0.2,18,0.01282051282051282,0.47368421052631576
06_TUT2017,top1_score_change_abs,0.5,2340,1,0.2,25,0.010683760683760684,0.5789473684210527
06_TUT2017,neg_evidence_support,0.1,468,4,0.8,7,0.014957264957264958,0.3157894736842105
06_TUT2017,neg_evidence_support,0.2,936,4,0.8,18,0.019230769230769232,0.631578947368421
06_TUT2017,neg_evidence_support,0.3,1404,4,0.8,25,0.017806267806267807,0.6842105263157895
06_TUT2017,neg_evidence_support,0.5,2340,5,1.0,35,0.014957264957264958,0.8947368421052632
06_TUT2017,evidence_variance,0.1,468,0,0.0,7,0.014957264957264958,0.05263157894736842
06_TUT2017,evidence_variance,0.2,936,0,0.0,13,0.013888888888888888,0.15789473684210525
06_TUT2017,evidence_variance,0.3,1404,0,0.0,17,0.012108262108262107,0.21052631578947367
06_TUT2017,evidence_variance,0.5,2340,1,0.2,28,0.011965811965811967,0.42105263157894735
