dataset,consensus_votes,vote_fraction_of_pool,n_samples,iKnow_Hit1,TFS_Hit1,delta_Hit1_pp,iKnow_MRR,TFS_MRR,delta_MRR_pp,wrong_to_correct,correct_to_wrong,net_rescued
ESC-50,17,0.3617021276595745,2,50.0,50.0,0.0,66.66666666666666,60.0,-6.666666666666665,0,0,0
ESC-50,19,0.40425531914893614,1,0.0,100.0,100.0,20.0,100.0,80.0,1,0,1
ESC-50,20,0.425531914893617,6,50.0,16.666666666666664,-33.33333333333333,66.66666666666666,43.05555555555555,-23.611111111111114,1,3,-2
ESC-50,21,0.44680851063829785,4,50.0,0.0,-50.0,62.500000000000014,33.33333333333333,-29.166666666666668,0,2,-2
ESC-50,22,0.46808510638297873,4,75.0,75.0,0.0,76.66666666666667,76.66666666666667,0.0,0,0,0
ESC-50,23,0.48936170212765956,2,50.0,50.0,0.0,75.0,75.0,0.0,0,0,0
ESC-50,24,0.5106382978723404,7,85.71428571428571,42.857142857142854,-42.857142857142854,92.85714285714286,69.04761904761905,-23.80952380952381,1,4,-3
ESC-50,25,0.5319148936170213,7,57.14285714285714,57.14285714285714,0.0,78.57142857142857,76.19047619047619,-2.380952380952382,2,2,0
ESC-50,26,0.5531914893617021,7,71.42857142857143,71.42857142857143,0.0,81.42857142857143,81.42857142857143,0.0,1,1,0
ESC-50,27,0.574468085106383,6,66.66666666666666,50.0,-16.666666666666664,79.16666666666666,70.83333333333334,-8.333333333333332,1,2,-1
ESC-50,28,0.5957446808510638,9,55.55555555555556,66.66666666666666,11.11111111111111,72.59259259259258,79.62962962962963,7.037037037037036,1,0,1
ESC-50,29,0.6170212765957447,4,75.0,75.0,0.0,87.5,83.33333333333334,-4.166666666666667,0,0,0
ESC-50,30,0.6382978723404256,9,44.44444444444444,66.66666666666666,22.22222222222222,68.5185185185185,81.48148148148148,12.962962962962965,3,1,2
ESC-50,31,0.6595744680851063,14,50.0,85.71428571428571,35.714285714285715,70.47619047619048,90.71428571428571,20.238095238095237,5,0,5
ESC-50,32,0.6808510638297872,9,44.44444444444444,77.77777777777779,33.33333333333333,72.22222222222221,84.25925925925925,12.037037037037036,4,1,3
ESC-50,33,0.7021276595744681,8,75.0,87.5,12.5,85.41666666666666,93.75,8.333333333333334,1,0,1
ESC-50,34,0.723404255319149,8,62.5,62.5,0.0,77.08333333333333,76.04166666666666,-1.0416666666666656,1,1,0
ESC-50,35,0.7446808510638298,9,88.88888888888889,100.0,11.11111111111111,94.44444444444444,100.0,5.555555555555555,1,0,1
ESC-50,36,0.7659574468085106,12,83.33333333333334,83.33333333333334,0.0,88.88888888888889,89.58333333333334,0.6944444444444448,0,0,0
ESC-50,37,0.7872340425531915,13,84.61538461538461,76.92307692307693,-7.6923076923076925,89.74358974358975,84.61538461538463,-5.128205128205129,0,1,-1
ESC-50,38,0.8085106382978723,27,62.96296296296296,85.18518518518519,22.22222222222222,79.62962962962963,91.35802469135803,11.728395061728396,7,1,6
ESC-50,39,0.8297872340425532,24,70.83333333333334,79.16666666666666,8.333333333333332,83.125,85.90277777777779,2.7777777777777772,4,2,2
ESC-50,40,0.851063829787234,17,70.58823529411765,94.11764705882352,23.52941176470588,83.33333333333334,95.09803921568628,11.76470588235294,4,0,4
ESC-50,41,0.8723404255319149,28,60.71428571428571,78.57142857142857,17.857142857142858,76.42857142857142,85.17857142857143,8.75,5,0,5
ESC-50,42,0.8936170212765957,39,76.92307692307693,94.87179487179486,17.94871794871795,87.82051282051282,97.43589743589743,9.615384615384617,7,0,7
ESC-50,43,0.9148936170212766,45,91.11111111111111,93.33333333333333,2.2222222222222223,93.88888888888889,95.25925925925924,1.3703703703703705,1,0,1
ESC-50,44,0.9361702127659575,61,91.80327868852459,98.36065573770492,6.557377049180328,95.90163934426229,99.18032786885246,3.278688524590164,4,0,4
ESC-50,45,0.9574468085106383,87,90.80459770114942,95.40229885057471,4.597701149425287,95.40229885057471,96.93486590038314,1.532567049808429,5,1,4
ESC-50,46,0.9787234042553191,239,94.97907949790795,96.65271966527197,1.6736401673640167,96.59566375047547,97.37669582857868,0.7810320781032078,4,0,4
ESC-50,47,1.0,1292,96.51702786377709,97.13622291021672,0.6191950464396285,97.06756319711491,97.37716072033471,0.30959752321981426,8,0,8
UrbanSound8K,14,0.2978723404255319,5,0.0,40.0,40.0,26.333333333333332,58.33333333333333,32.0,2,0,2
UrbanSound8K,15,0.3191489361702128,10,20.0,10.0,-10.0,45.0,42.83333333333334,-2.166666666666666,1,2,-1
UrbanSound8K,16,0.3404255319148936,15,33.33333333333333,26.666666666666668,-6.666666666666667,56.2962962962963,50.74074074074073,-5.555555555555556,1,2,-1
UrbanSound8K,17,0.3617021276595745,15,6.666666666666667,53.333333333333336,46.666666666666664,35.16666666666667,66.27777777777779,31.11111111111111,7,0,7
UrbanSound8K,18,0.3829787234042553,17,17.647058823529413,17.647058823529413,0.0,41.07843137254901,42.35294117647058,1.2745098039215692,2,2,0
UrbanSound8K,19,0.40425531914893614,23,43.47826086956522,43.47826086956522,0.0,66.30434782608695,62.02898550724638,-4.27536231884058,5,5,0
UrbanSound8K,20,0.425531914893617,42,26.190476190476193,30.952380952380953,4.761904761904762,52.22222222222223,55.158730158730165,2.9365079365079363,7,5,2
UrbanSound8K,21,0.44680851063829785,26,15.384615384615385,38.46153846153847,23.076923076923077,46.442307692307686,57.85256410256411,11.41025641025641,7,1,6
UrbanSound8K,22,0.46808510638297873,41,39.02439024390244,29.268292682926827,-9.75609756097561,62.68292682926829,57.39837398373982,-5.284552845528456,5,9,-4
UrbanSound8K,23,0.48936170212765956,49,44.89795918367347,42.857142857142854,-2.0408163265306123,66.73469387755102,64.62585034013605,-2.1088435374149666,8,9,-1
UrbanSound8K,24,0.5106382978723404,82,37.80487804878049,45.1219512195122,7.317073170731707,62.950058072009305,67.84843205574913,4.898373983739838,22,16,6
UrbanSound8K,25,0.5319148936170213,75,44.0,46.666666666666664,2.666666666666667,68.66666666666667,67.77777777777779,-0.8888888888888893,20,18,2
UrbanSound8K,26,0.5531914893617021,86,39.53488372093023,45.348837209302324,5.813953488372093,64.88510520487264,68.21843853820599,3.333333333333334,20,15,5
UrbanSound8K,27,0.574468085106383,78,52.56410256410257,48.717948717948715,-3.8461538461538463,72.58547008547008,69.16666666666667,-3.4188034188034186,15,18,-3
UrbanSound8K,28,0.5957446808510638,84,57.14285714285714,47.61904761904761,-9.523809523809524,73.32624716553288,68.40561224489797,-4.92063492063492,10,18,-8
UrbanSound8K,29,0.6170212765957447,71,47.88732394366197,49.29577464788733,1.4084507042253522,69.89995528727923,68.89056561591772,-1.0093896713615025,12,11,1
UrbanSound8K,30,0.6382978723404256,69,53.62318840579711,68.11594202898551,14.492753623188406,73.8486312399356,80.00805152979066,6.159420289855073,15,5,10
UrbanSound8K,31,0.6595744680851063,78,37.17948717948718,60.256410256410255,23.076923076923077,64.86263736263737,77.57631257631257,12.713675213675216,22,4,18
UrbanSound8K,32,0.6808510638297872,71,42.25352112676056,60.56338028169014,18.30985915492958,67.31723675385648,75.76794097920859,8.450704225352112,15,2,13
UrbanSound8K,33,0.7021276595744681,85,51.76470588235295,60.0,8.235294117647058,73.84453781512606,76.43277310924371,2.5882352941176467,11,4,7
UrbanSound8K,34,0.723404255319149,76,64.47368421052632,67.10526315789474,2.631578947368421,79.55043859649123,80.0328947368421,0.4824561403508773,5,3,2
UrbanSound8K,35,0.7446808510638298,86,60.46511627906976,65.11627906976744,4.651162790697675,76.70035068290882,79.89802510151348,3.197674418604652,8,4,4
UrbanSound8K,36,0.7659574468085106,71,69.01408450704226,73.23943661971832,4.225352112676056,80.79588642968925,81.66443103062821,0.8685446009389669,7,4,3
UrbanSound8K,37,0.7872340425531915,86,61.627906976744185,75.5813953488372,13.953488372093023,78.48191214470286,85.41989664082689,6.937984496124031,15,3,12
UrbanSound8K,38,0.8085106382978723,92,64.13043478260869,76.08695652173914,11.956521739130435,79.15760869565219,85.37137681159419,6.213768115942029,15,4,11
UrbanSound8K,39,0.8297872340425532,124,62.096774193548384,69.35483870967742,7.258064516129033,78.16532258064517,81.12231182795698,2.956989247311828,14,5,9
UrbanSound8K,40,0.851063829787234,145,73.79310344827587,76.55172413793103,2.7586206896551726,84.86288998357965,86.29967159277503,1.4367816091954022,10,6,4
UrbanSound8K,41,0.8723404255319149,129,71.31782945736434,77.51937984496125,6.2015503875969,83.45884090070138,86.09449981543005,2.635658914728682,8,0,8
UrbanSound8K,42,0.8936170212765957,180,75.55555555555556,86.66666666666667,11.11111111111111,85.93981481481481,91.79166666666664,5.851851851851852,21,1,20
UrbanSound8K,43,0.9148936170212766,247,73.27935222672065,83.40080971659918,10.121457489878543,84.81588586851746,89.87661461345672,5.060728744939271,27,2,25
UrbanSound8K,44,0.9361702127659575,301,82.39202657807309,86.37873754152824,3.9867109634551494,89.94462901439645,91.81616832779623,1.8715393133997786,14,2,12
UrbanSound8K,45,0.9574468085106383,456,82.01754385964912,84.86842105263158,2.850877192982456,89.47533764967976,91.08352478418269,1.6081871345029242,14,1,13
UrbanSound8K,46,0.9787234042553191,1156,88.14878892733564,89.27335640138409,1.124567474048443,93.21243203163618,93.97367770637666,0.7612456747404844,14,1,13
UrbanSound8K,47,1.0,4561,98.24599868449901,98.3117737338303,0.065775049331287,98.83083109732965,98.91049199040867,0.07966089307900313,3,0,3
FSD50K,11,0.23404255319148937,1,0.0,0.0,0.0,11.11111111111111,11.11111111111111,0.0,0,0,0
FSD50K,12,0.2553191489361702,3,33.33333333333333,33.33333333333333,0.0,61.11111111111111,55.55555555555555,-5.555555555555558,1,1,0
FSD50K,13,0.2765957446808511,4,0.0,25.0,25.0,27.916666666666668,52.08333333333333,24.16666666666667,1,0,1
FSD50K,14,0.2978723404255319,14,57.14285714285714,42.857142857142854,-14.285714285714285,69.88095238095237,63.92857142857141,-5.952380952380952,1,3,-2
FSD50K,15,0.3191489361702128,38,42.10526315789473,31.57894736842105,-10.526315789473683,59.408662587842144,52.43497837731583,-6.973684210526317,3,7,-4
FSD50K,16,0.3404255319148936,53,20.754716981132077,32.075471698113205,11.320754716981133,44.27710563067412,50.11268514549892,5.835579514824797,10,4,6
FSD50K,17,0.3617021276595745,79,30.37974683544304,29.11392405063291,-1.2658227848101267,46.37319599575572,46.840847191255016,0.4676511954992971,11,12,-1
FSD50K,18,0.3829787234042553,96,26.041666666666668,23.958333333333336,-2.083333333333333,45.81120239603096,43.79731350714207,-2.013888888888889,12,14,-2
FSD50K,19,0.40425531914893614,124,32.25806451612903,29.838709677419356,-2.4193548387096775,51.05128329979773,49.22908667921402,-1.822196620583718,15,18,-3
FSD50K,20,0.425531914893617,149,38.25503355704698,34.22818791946309,-4.026845637583892,55.24699661206074,53.46021702326773,-1.7867795887930114,17,23,-6
FSD50K,21,0.44680851063829785,211,34.59715639810427,30.33175355450237,-4.265402843601896,52.04186697921155,48.40261482037846,-3.639252158833102,23,32,-9
FSD50K,22,0.46808510638297873,211,33.649289099526065,39.33649289099526,5.687203791469194,51.779251918176016,54.606491818875625,2.8272399006996167,33,21,12
FSD50K,23,0.48936170212765956,267,35.580524344569284,37.07865168539326,1.4981273408239701,52.02141554211459,53.80237386801674,1.7809583259021464,32,28,4
FSD50K,24,0.5106382978723404,288,44.44444444444444,45.48611111111111,1.0416666666666665,59.92206114579351,60.900070405052766,0.9780092592592595,39,36,3
FSD50K,25,0.5319148936170213,276,43.47826086956522,46.73913043478261,3.260869565217391,59.03430058815427,60.35676435627021,1.322463768115942,35,26,9
FSD50K,26,0.5531914893617021,303,44.554455445544555,45.87458745874587,1.3201320132013201,61.57735545770508,62.208204256870715,0.6308487991656305,37,33,4
FSD50K,27,0.574468085106383,316,46.20253164556962,48.734177215189874,2.5316455696202533,61.805831817039646,63.205269229135276,1.3994374120956399,40,32,8
FSD50K,28,0.5957446808510638,284,43.66197183098591,47.88732394366197,4.225352112676056,61.02783334424525,62.51844367288376,1.4906103286384977,35,23,12
FSD50K,29,0.6170212765957447,309,47.57281553398058,46.601941747572816,-0.9708737864077669,62.438623316788664,61.74321570390532,-0.6954076128833412,31,34,-3
FSD50K,30,0.6382978723404256,258,45.73643410852713,55.42635658914728,9.689922480620156,60.89952824351255,66.74316673249989,5.843638488987326,40,15,25
FSD50K,31,0.6595744680851063,278,44.96402877697842,56.83453237410072,11.870503597122301,62.50752124291448,68.57024249448463,6.062721251570173,44,11,33
FSD50K,32,0.6808510638297872,277,44.04332129963899,57.400722021660656,13.357400722021662,62.92680133251562,69.67970947531545,6.752908142799839,56,19,37
FSD50K,33,0.7021276595744681,270,50.37037037037037,58.88888888888889,8.518518518518519,66.4515823643541,70.17439247605309,3.7228101116990007,39,16,23
FSD50K,34,0.723404255319149,310,53.87096774193548,61.935483870967744,8.064516129032258,68.10691682757067,72.50515031451383,4.398233486943164,42,17,25
FSD50K,35,0.7446808510638298,296,59.12162162162162,63.17567567567568,4.054054054054054,71.20648304806309,73.44599935007939,2.239516302016302,30,18,12
FSD50K,36,0.7659574468085106,293,56.31399317406144,65.18771331058021,8.873720136518772,69.69109566591995,73.63591932917363,3.9448236632536986,33,7,26
FSD50K,37,0.7872340425531915,300,55.00000000000001,64.66666666666666,9.666666666666666,70.50520580826695,76.09224284530399,5.587037037037038,44,15,29
FSD50K,38,0.8085106382978723,298,60.738255033557046,69.79865771812081,9.060402684563758,72.98141061666993,77.56194752942162,4.580536912751679,36,9,27
FSD50K,39,0.8297872340425532,330,56.36363636363636,66.36363636363637,10.0,70.685870680525,75.16602941068372,4.48015873015873,39,6,33
FSD50K,40,0.851063829787234,321,66.35514018691589,72.89719626168224,6.5420560747663545,77.35071741679857,80.79048896404676,3.4397715472481836,30,9,21
FSD50K,41,0.8723404255319149,347,65.4178674351585,72.3342939481268,6.9164265129683,75.70563175399744,79.1891287245261,3.4834969705286714,32,8,24
FSD50K,42,0.8936170212765957,361,67.86703601108033,76.45429362880887,8.587257617728532,78.58606567786305,83.11548132223714,4.529415644374093,35,4,31
FSD50K,43,0.9148936170212766,369,74.79674796747967,77.50677506775068,2.710027100271003,81.63749565295073,82.9312109710563,1.293715318105562,16,6,10
FSD50K,44,0.9361702127659575,371,68.73315363881402,74.66307277628033,5.929919137466308,78.04616006848903,81.01111963722218,2.964959568733154,25,3,22
FSD50K,45,0.9574468085106383,452,75.0,80.53097345132744,5.530973451327434,82.13137498982557,85.30773402901646,3.176359039190898,29,4,25
FSD50K,46,0.9787234042553191,617,80.71312803889789,84.27876823338735,3.565640194489465,86.50214184557773,88.18636658895969,1.6842247433819557,24,2,22
FSD50K,47,1.0,1457,89.77350720658887,91.35209334248455,1.578586135895676,93.06057982398985,93.73350977402283,0.6729299500329908,24,1,23
AudioSet,11,0.23404255319148937,8,0.0,12.5,12.5,17.31565449237863,29.81565449237863,12.5,1,0,1
AudioSet,12,0.2553191489361702,18,5.555555555555555,11.11111111111111,5.555555555555555,19.496221602161317,21.004158110097826,1.5079365079365081,1,0,1
AudioSet,13,0.2765957446808511,61,13.114754098360656,11.475409836065573,-1.639344262295082,24.906759268755625,23.347944198292588,-1.5588150704630428,6,7,-1
AudioSet,14,0.2978723404255319,111,10.81081081081081,9.00900900900901,-1.8018018018018018,22.830622442607627,23.053241374903976,0.22261893229635157,6,8,-2
AudioSet,15,0.3191489361702128,149,8.053691275167784,12.751677852348994,4.697986577181208,20.50804037320311,23.41351451518149,2.9054741419783725,16,9,7
AudioSet,16,0.3404255319148936,253,16.600790513833992,11.462450592885375,-5.138339920948617,28.16739583635719,25.298599064398353,-2.868796771958827,10,23,-13
AudioSet,17,0.3617021276595745,322,9.627329192546584,10.869565217391305,1.2422360248447204,23.201250997228875,23.681252388544564,0.48000139131569214,22,18,4
AudioSet,18,0.3829787234042553,440,15.0,14.772727272727273,-0.22727272727272727,28.365284218059923,28.593229352404574,0.22794513434465552,25,26,-1
AudioSet,19,0.40425531914893614,441,15.873015873015872,16.780045351473923,0.9070294784580499,29.166075543241337,29.57605595908617,0.4099804158448304,36,32,4
AudioSet,20,0.425531914893617,526,12.927756653992395,13.11787072243346,0.19011406844106463,25.00808329382107,25.38151742200806,0.3734341281869801,39,38,1
AudioSet,21,0.44680851063829785,579,19.86183074265976,17.616580310880828,-2.2452504317789295,32.359089797749675,30.837009051427618,-1.5220807463220654,39,52,-13
AudioSet,22,0.46808510638297873,662,21.6012084592145,22.20543806646526,0.6042296072507553,34.09265982831767,34.164297746315604,0.0716379179979251,53,49,4
AudioSet,23,0.48936170212765956,674,20.474777448071215,22.403560830860535,1.9287833827893175,34.400441377840515,34.99758011263416,0.5971387347936484,59,46,13
AudioSet,24,0.5106382978723404,740,19.18918918918919,20.81081081081081,1.6216216216216217,32.25175570419026,32.82458287223765,0.5728271680473901,61,49,12
AudioSet,25,0.5319148936170213,684,17.690058479532166,20.760233918128655,3.070175438596491,31.35759253475102,32.83286277442482,1.4752702396737973,68,47,21
AudioSet,26,0.5531914893617021,632,20.88607594936709,24.050632911392405,3.1645569620253164,35.280319142539284,37.21589261119976,1.935573468660479,66,46,20
AudioSet,27,0.574468085106383,648,23.456790123456788,24.382716049382715,0.9259259259259258,37.006863672545634,37.27483025931531,0.26796658676967167,52,46,6
AudioSet,28,0.5957446808510638,603,18.407960199004975,21.724709784411278,3.316749585406302,33.36675093734271,35.43046095530321,2.0637100179605046,44,24,20
AudioSet,29,0.6170212765957447,616,22.564935064935064,23.214285714285715,0.6493506493506493,35.734543272241154,35.83705500696258,0.10251173472143674,47,43,4
AudioSet,30,0.6382978723404256,590,24.06779661016949,26.779661016949152,2.711864406779661,38.41443519240283,39.65705730987884,1.2426221174760044,47,31,16
AudioSet,31,0.6595744680851063,609,23.15270935960591,26.76518883415435,3.6124794745484397,37.20783299971537,39.32171386483701,2.11388086512164,48,26,22
AudioSet,32,0.6808510638297872,551,23.593466424682397,27.041742286751365,3.4482758620689653,37.561725112528336,39.480319222592506,1.9185941100641641,42,23,19
AudioSet,33,0.7021276595744681,531,25.6120527306968,30.69679849340866,5.084745762711865,38.28083716878011,41.17599839750897,2.8951612287288606,41,14,27
AudioSet,34,0.723404255319149,513,29.629629629629626,35.86744639376218,6.237816764132553,43.23516208642808,46.80465681089356,3.569494724465484,47,15,32
AudioSet,35,0.7446808510638298,470,31.70212765957447,33.191489361702125,1.4893617021276597,44.98940305952775,45.086738953348664,0.09733589382091244,30,23,7
AudioSet,36,0.7659574468085106,460,31.73913043478261,36.52173913043478,4.782608695652174,45.42103310975214,47.11624927359012,1.695216163837985,35,13,22
AudioSet,37,0.7872340425531915,462,32.467532467532465,37.878787878787875,5.411255411255411,45.48235752058286,48.14066941619253,2.6583118956096854,41,16,25
AudioSet,38,0.8085106382978723,449,33.4075723830735,36.74832962138085,3.34075723830735,44.9905877067765,47.01699547371879,2.026407766942288,23,8,15
AudioSet,39,0.8297872340425532,468,38.675213675213676,42.52136752136752,3.8461538461538463,49.276411282553475,51.30415256915599,2.0277412866025233,29,11,18
AudioSet,40,0.851063829787234,446,40.80717488789238,43.27354260089686,2.4663677130044843,50.98873672856834,52.59592093259374,1.607184204025407,20,9,11
AudioSet,41,0.8723404255319149,441,40.362811791383216,43.76417233560091,3.4013605442176873,51.85275666108426,53.50501539188717,1.6522587308029142,23,8,15
AudioSet,42,0.8936170212765957,437,44.8512585812357,46.681922196796336,1.8306636155606408,55.359065720386624,56.37902452658389,1.0199588061972658,17,9,8
AudioSet,43,0.9148936170212766,422,46.208530805687204,49.763033175355446,3.5545023696682465,57.16312417305384,59.150146439853444,1.9870222667996076,19,4,15
AudioSet,44,0.9361702127659575,413,48.18401937046005,50.363196125908,2.1791767554479415,57.840626932629256,59.07032013411544,1.2296932014861792,11,2,9
AudioSet,45,0.9574468085106383,449,50.779510022271715,52.338530066815146,1.55902004454343,59.88093842157226,60.35035853292309,0.46942011135082584,12,5,7
AudioSet,46,0.9787234042553191,499,58.31663326653307,58.517034068136276,0.2004008016032064,66.43139163562934,66.39505676627392,-0.03633486935539946,6,5,1
AudioSet,47,1.0,856,68.45794392523365,68.80841121495327,0.35046728971962615,75.03449835762859,74.90463033494514,-0.12986802268344322,6,3,3
TUT2017,11,0.23404255319148937,2,0.0,100.0,100.0,22.5,100.0,77.5,2,0,2
TUT2017,12,0.2553191489361702,1,0.0,0.0,0.0,25.0,25.0,0.0,0,0,0
TUT2017,13,0.2765957446808511,3,0.0,33.33333333333333,33.33333333333333,19.23076923076923,41.452991452991455,22.222222222222225,1,0,1
TUT2017,14,0.2978723404255319,9,22.22222222222222,0.0,-22.22222222222222,43.888888888888886,33.14814814814815,-10.740740740740742,0,2,-2
TUT2017,15,0.3191489361702128,21,19.047619047619047,23.809523809523807,4.761904761904762,44.45011337868481,46.672335600907026,2.2222222222222205,5,4,1
TUT2017,16,0.3404255319148936,26,11.538461538461538,7.6923076923076925,-3.8461538461538463,39.455128205128204,34.006410256410255,-5.448717948717948,1,2,-1
TUT2017,17,0.3617021276595745,50,16.0,28.000000000000004,12.0,38.92222222222222,48.12222222222222,9.200000000000001,12,6,6
TUT2017,18,0.3829787234042553,66,9.090909090909092,39.39393939393939,30.303030303030305,40.22001987911079,56.861434020524925,16.641414141414142,21,1,20
TUT2017,19,0.40425531914893614,82,15.853658536585366,35.36585365853659,19.51219512195122,42.09930313588851,55.48199767711962,13.382694541231125,23,7,16
TUT2017,20,0.425531914893617,73,20.54794520547945,34.24657534246575,13.698630136986301,49.26021467117357,57.84468955701831,8.584474885844749,19,9,10
TUT2017,21,0.44680851063829785,80,27.500000000000004,46.25,18.75,52.18655303030303,63.51095779220779,11.324404761904763,21,6,15
TUT2017,22,0.46808510638297873,97,21.649484536082475,27.835051546391753,6.185567010309279,48.26869579446899,50.83619702176403,2.5675012272950415,17,11,6
TUT2017,23,0.48936170212765956,135,28.14814814814815,40.0,11.851851851851853,52.80805408583188,58.38830099941211,5.580246913580248,26,10,16
TUT2017,24,0.5106382978723404,141,24.113475177304963,36.17021276595745,12.056737588652481,50.21450574642065,57.01795052858883,6.803444782168187,28,11,17
TUT2017,25,0.5319148936170213,152,21.710526315789476,46.05263157894737,24.342105263157894,48.91475848712691,62.191700843016626,13.276942355889723,48,11,37
TUT2017,26,0.5531914893617021,156,25.64102564102564,41.66666666666667,16.025641025641026,50.66091316091317,60.01378251378251,9.352869352869355,37,12,25
TUT2017,27,0.574468085106383,148,29.72972972972973,39.189189189189186,9.45945945945946,54.276061776061766,59.52300514800516,5.246943371943372,28,14,14
TUT2017,28,0.5957446808510638,133,30.075187969924812,42.857142857142854,12.781954887218044,55.191550304332246,62.35947010383101,7.167919799498747,27,10,17
TUT2017,29,0.6170212765957447,147,26.53061224489796,42.857142857142854,16.3265306122449,51.60406298161399,61.10519676846208,9.501133786848074,36,12,24
TUT2017,30,0.6382978723404256,147,37.41496598639456,46.93877551020408,9.523809523809524,61.14193440724054,64.92392339331114,3.781988986070618,33,19,14
TUT2017,31,0.6595744680851063,138,34.78260869565217,44.927536231884055,10.144927536231885,57.54485852311939,62.61732229123533,5.072463768115942,20,6,14
TUT2017,32,0.6808510638297872,133,32.33082706766917,46.616541353383454,14.285714285714285,55.07882259761958,63.4569106749558,8.378088077336198,28,9,19
TUT2017,33,0.7021276595744681,145,29.655172413793103,42.758620689655174,13.10344827586207,54.08513708513708,60.60812559088421,6.522988505747125,33,14,19
TUT2017,34,0.723404255319149,133,36.09022556390977,45.86466165413533,9.774436090225564,57.56205991168398,63.77133309464137,6.209273182957393,24,11,13
TUT2017,35,0.7446808510638298,130,39.23076923076923,53.07692307692308,13.846153846153847,61.249444999445004,68.32636807636808,7.076923076923077,30,12,18
TUT2017,36,0.7659574468085106,145,40.689655172413794,59.310344827586206,18.620689655172416,63.37722048066876,72.5841170323929,9.206896551724139,35,8,27
TUT2017,37,0.7872340425531915,150,46.0,54.666666666666664,8.666666666666668,65.76851851851853,69.7740740740741,4.0055555555555555,25,12,13
TUT2017,38,0.8085106382978723,147,42.17687074829932,56.4625850340136,14.285714285714285,63.05987474354823,70.73561170499947,7.675736961451247,32,11,21
TUT2017,39,0.8297872340425532,160,39.375,58.75,19.375,61.63492063492064,71.74950396825398,10.114583333333334,35,4,31
TUT2017,40,0.851063829787234,155,49.67741935483871,62.58064516129033,12.903225806451612,68.4408834892706,74.85486198389424,6.413978494623655,26,6,20
TUT2017,41,0.8723404255319149,171,46.198830409356724,65.49707602339181,19.298245614035086,66.30635933267513,76.2186400344295,9.912280701754383,40,7,33
TUT2017,42,0.8936170212765957,183,56.284153005464475,71.58469945355192,15.300546448087433,73.84510601723716,81.44593870003706,7.600832682799894,37,9,28
TUT2017,43,0.9148936170212766,188,61.170212765957444,73.40425531914893,12.23404255319149,76.05223972245247,82.26677872954468,6.214539007092198,28,5,23
TUT2017,44,0.9361702127659575,220,57.72727272727273,70.0,12.272727272727273,74.27418667191394,80.30448970221698,6.030303030303029,36,9,27
TUT2017,45,0.9574468085106383,252,73.01587301587301,82.53968253968253,9.523809523809524,83.13759763164525,88.11775636180398,4.98015873015873,27,3,24
TUT2017,46,0.9787234042553191,328,82.01219512195121,85.67073170731707,3.6585365853658534,88.54893666631472,90.19999648048427,1.6510598141695703,19,7,12
TUT2017,47,1.0,233,80.68669527896995,86.26609442060087,5.579399141630901,88.74546054803567,90.82496187646402,2.079501328428367,17,4,13
