dataset,relation,selected_samples,iKnow_Hit1,TFS_Hit1,delta_Hit1_pp,iKnow_MRR,TFS_MRR,delta_MRR_pp,wrong_to_correct,correct_to_wrong,net_rescued,warning
ESC-50,affects,283,93.63957597173145,94.69964664310953,1.0600706713780919,95.14840314356773,95.49587075251945,0.34746760895170786,5,2,3,descriptive conditional subset; relations co-occur and this is not a causal effect
ESC-50,associated with environment,151,88.74172185430463,91.3907284768212,2.6490066225165565,91.70550258385742,92.75406770527022,1.0485651214128036,5,1,4,descriptive conditional subset; relations co-occur and this is not a causal effect
ESC-50,associated with event,129,86.82170542635659,95.34883720930233,8.527131782945736,92.46770025839794,96.96382428940568,4.496124031007753,12,1,11,descriptive conditional subset; relations co-occur and this is not a causal effect
ESC-50,belongs to class,125,92.80000000000001,97.6,4.8,95.64000000000001,97.97333333333333,2.3333333333333335,6,0,6,descriptive conditional subset; relations co-occur and this is not a causal effect
ESC-50,can be heard in,313,94.88817891373802,96.48562300319489,1.5974440894568689,97.1618743343983,97.77422790202341,0.612353567625133,8,3,5,descriptive conditional subset; relations co-occur and this is not a causal effect
ESC-50,caused by,283,87.27915194346289,87.27915194346289,0.0,90.18636117466649,90.22758614522007,0.04122497055359247,5,5,0,descriptive conditional subset; relations co-occur and this is not a causal effect
ESC-50,co-occurs with,209,91.86602870813397,93.77990430622009,1.9138755980861244,94.41068766427617,95.28788064673232,0.8771929824561405,6,2,4,descriptive conditional subset; relations co-occur and this is not a causal effect
ESC-50,described by,211,83.88625592417061,86.7298578199052,2.843601895734597,87.33398028212636,88.79527570076775,1.46129541864139,6,0,6,descriptive conditional subset; relations co-occur and this is not a causal effect
ESC-50,emitted by,297,88.21548821548821,90.57239057239057,2.356902356902357,91.10724285599979,92.26885901761594,1.1616161616161615,8,1,7,descriptive conditional subset; relations co-occur and this is not a causal effect
ESC-50,emotionally associated with,143,92.3076923076923,98.6013986013986,6.293706293706294,96.03729603729603,99.3006993006993,3.263403263403264,9,0,9,descriptive conditional subset; relations co-occur and this is not a causal effect
ESC-50,entails event,191,90.57591623036649,90.57591623036649,0.0,92.60237965504366,92.48894160966843,-0.1134380453752182,3,3,0,descriptive conditional subset; relations co-occur and this is not a causal effect
ESC-50,event composed of,163,92.63803680981594,94.47852760736197,1.8404907975460123,95.96114519427402,96.95296523517382,0.9918200408997956,7,4,3,descriptive conditional subset; relations co-occur and this is not a causal effect
ESC-50,follows,347,95.10086455331412,96.82997118155619,1.729106628242075,97.03726174225189,97.9258304262096,0.8885686839577328,7,1,6,descriptive conditional subset; relations co-occur and this is not a causal effect
ESC-50,generated by,173,93.0635838150289,98.26589595375722,5.202312138728324,96.26204238921002,98.95953757225433,2.697495183044316,10,1,9,descriptive conditional subset; relations co-occur and this is not a causal effect
ESC-50,has children,209,91.38755980861244,91.86602870813397,0.4784688995215311,93.47388609139242,93.61742676124888,0.14354066985645925,4,3,1,descriptive conditional subset; relations co-occur and this is not a causal effect
ESC-50,has duration,220,95.45454545454545,97.72727272727273,2.272727272727273,97.08452950558214,98.16028708133972,1.0757575757575757,5,0,5,descriptive conditional subset; relations co-occur and this is not a causal effect
ESC-50,has loudness,212,97.16981132075472,97.16981132075472,0.0,98.38836477987421,98.19182389937107,-0.1965408805031447,3,3,0,descriptive conditional subset; relations co-occur and this is not a causal effect
ESC-50,has parent,119,96.63865546218487,96.63865546218487,0.0,97.89915966386555,97.89915966386555,0.0,0,0,0,descriptive conditional subset; relations co-occur and this is not a causal effect
ESC-50,has pitch,112,92.85714285714286,96.42857142857143,3.571428571428571,95.47619047619048,97.38095238095238,1.9047619047619047,5,1,4,descriptive conditional subset; relations co-occur and this is not a causal effect
ESC-50,has sibling,142,94.36619718309859,95.77464788732394,1.4084507042253522,96.94835680751174,97.67605633802816,0.727699530516432,4,2,2,descriptive conditional subset; relations co-occur and this is not a causal effect
ESC-50,has subtype,265,95.84905660377359,97.35849056603773,1.509433962264151,97.32075471698113,98.18867924528301,0.8679245283018869,6,2,4,descriptive conditional subset; relations co-occur and this is not a causal effect
ESC-50,has timbre,162,91.9753086419753,95.67901234567901,3.7037037037037033,95.44238683127573,97.27366255144034,1.831275720164609,9,3,6,descriptive conditional subset; relations co-occur and this is not a causal effect
ESC-50,indicates,202,90.5940594059406,91.58415841584159,0.9900990099009901,92.67480729179532,93.02134194526064,0.3465346534653465,4,2,2,descriptive conditional subset; relations co-occur and this is not a causal effect
ESC-50,invites action,117,89.74358974358975,94.01709401709401,4.273504273504273,93.93162393162393,95.64102564102565,1.7094017094017095,7,2,5,descriptive conditional subset; relations co-occur and this is not a causal effect
ESC-50,is a type of,454,92.73127753303964,97.57709251101322,4.845814977973569,96.09397944199706,98.47283406754772,2.378854625550661,25,3,22,descriptive conditional subset; relations co-occur and this is not a causal effect
ESC-50,is instance of,264,96.21212121212122,95.83333333333334,-0.3787878787878788,97.8030303030303,97.45580808080807,-0.34722222222222215,8,9,-1,descriptive conditional subset; relations co-occur and this is not a causal effect
ESC-50,is sound of,261,90.03831417624522,94.25287356321839,4.21455938697318,94.64878671775223,96.72413793103448,2.0753512132822483,13,2,11,descriptive conditional subset; relations co-occur and this is not a causal effect
ESC-50,is variant of,356,95.50561797752809,96.62921348314607,1.1235955056179776,97.35486891385769,97.9868913857678,0.6320224719101123,9,5,4,descriptive conditional subset; relations co-occur and this is not a causal effect
ESC-50,linked to visual,159,86.16352201257862,88.67924528301887,2.515723270440252,90.6011999573734,91.39784565967949,0.7966457023060796,8,4,4,descriptive conditional subset; relations co-occur and this is not a causal effect
ESC-50,localized in,221,90.49773755656109,93.66515837104072,3.167420814479638,94.3774852598382,95.93857123268887,1.5610859728506787,13,6,7,descriptive conditional subset; relations co-occur and this is not a causal effect
ESC-50,occurs in,282,92.90780141843972,95.0354609929078,2.127659574468085,95.33621815536709,96.34094628775482,1.0047281323877066,8,2,6,descriptive conditional subset; relations co-occur and this is not a causal effect
ESC-50,originates from,163,96.93251533742331,95.0920245398773,-1.8404907975460123,98.07770961145195,96.67689161554192,-1.4008179959100207,2,5,-3,descriptive conditional subset; relations co-occur and this is not a causal effect
ESC-50,overlaps with,393,91.34860050890585,94.14758269720102,2.7989821882951653,93.68516295248821,95.10585845715318,1.42069550466497,13,2,11,descriptive conditional subset; relations co-occur and this is not a causal effect
ESC-50,part of scene,243,92.5925925925926,92.5925925925926,0.0,94.74670733929993,94.39691310061681,-0.34979423868312765,2,2,0,descriptive conditional subset; relations co-occur and this is not a causal effect
ESC-50,perceived as,92,92.3913043478261,92.3913043478261,0.0,95.50724637681158,95.14492753623188,-0.3623188405797102,2,2,0,descriptive conditional subset; relations co-occur and this is not a causal effect
ESC-50,performed by,160,80.625,88.75,8.125,87.94496067657832,91.90329400991166,3.958333333333333,16,3,13,descriptive conditional subset; relations co-occur and this is not a causal effect
ESC-50,precedes,299,88.96321070234113,88.2943143812709,-0.6688963210702341,90.76498934254921,90.23544642170195,-0.5295429208472687,2,4,-2,descriptive conditional subset; relations co-occur and this is not a causal effect
ESC-50,produced during,167,92.81437125748504,94.61077844311377,1.7964071856287425,95.62874251497007,96.47704590818364,0.8483033932135728,4,1,3,descriptive conditional subset; relations co-occur and this is not a causal effect
ESC-50,produces,297,91.58249158249158,97.97979797979798,6.397306397306397,95.679012345679,98.93378226711559,3.2547699214365884,19,0,19,descriptive conditional subset; relations co-occur and this is not a causal effect
ESC-50,requires attention,150,88.66666666666667,93.33333333333333,4.666666666666667,93.02722832722833,94.86056166056164,1.8333333333333333,10,3,7,descriptive conditional subset; relations co-occur and this is not a causal effect
ESC-50,responds to,224,92.85714285714286,96.875,4.017857142857143,95.60625386518244,97.61518243661101,2.0089285714285716,10,1,9,descriptive conditional subset; relations co-occur and this is not a causal effect
ESC-50,scene contains,234,94.01709401709401,94.87179487179486,0.8547008547008548,96.21012178704487,96.56624714317022,0.3561253561253562,6,4,2,descriptive conditional subset; relations co-occur and this is not a causal effect
ESC-50,temporal component of,124,87.09677419354838,97.58064516129032,10.483870967741936,92.74193548387096,98.38709677419355,5.64516129032258,13,0,13,descriptive conditional subset; relations co-occur and this is not a causal effect
ESC-50,transcribed as,147,92.51700680272108,95.91836734693877,3.4013605442176873,95.29042386185245,97.10448281876852,1.8140589569160999,6,1,5,descriptive conditional subset; relations co-occur and this is not a causal effect
ESC-50,triggers,191,91.62303664921467,93.717277486911,2.094240837696335,95.17452006980803,95.91623036649214,0.7417102966841186,8,4,4,descriptive conditional subset; relations co-occur and this is not a causal effect
ESC-50,used for,200,92.5,95.5,3.0,95.93333333333334,97.24166666666667,1.3083333333333333,11,5,6,descriptive conditional subset; relations co-occur and this is not a causal effect
ESC-50,warns about,141,79.43262411347519,85.1063829787234,5.673758865248227,83.51323547819169,86.72836550183234,3.2151300236406617,8,0,8,descriptive conditional subset; relations co-occur and this is not a causal effect
UrbanSound8K,affects,649,78.42835130970724,79.35285053929123,0.9244992295839755,86.19610145033874,86.97422163523858,0.7781201848998459,30,24,6,descriptive conditional subset; relations co-occur and this is not a causal effect
UrbanSound8K,associated with environment,344,79.65116279069767,76.74418604651163,-2.9069767441860463,86.60022148394242,85.33084163898118,-1.2693798449612403,8,18,-10,descriptive conditional subset; relations co-occur and this is not a causal effect
UrbanSound8K,associated with event,349,75.35816618911176,81.66189111747852,6.303724928366762,85.20136899076726,87.93775867558104,2.736389684813753,42,20,22,descriptive conditional subset; relations co-occur and this is not a causal effect
UrbanSound8K,belongs to class,517,79.49709864603481,80.65764023210832,1.160541586073501,88.1359952104633,88.62600165791655,0.49000644745325606,21,15,6,descriptive conditional subset; relations co-occur and this is not a causal effect
UrbanSound8K,can be heard in,1107,93.04426377597109,94.3089430894309,1.2646793134598013,95.84193659396911,96.52094893964815,0.6790123456790125,22,8,14,descriptive conditional subset; relations co-occur and this is not a causal effect
UrbanSound8K,caused by,794,87.6574307304786,91.68765743073047,4.030226700251889,92.55082763584022,94.8556135300468,2.3047858942065496,44,12,32,descriptive conditional subset; relations co-occur and this is not a causal effect
UrbanSound8K,co-occurs with,1310,91.29770992366413,91.6793893129771,0.38167938931297707,94.77271901126862,94.9190294438386,0.14631043256997459,25,20,5,descriptive conditional subset; relations co-occur and this is not a causal effect
UrbanSound8K,described by,1010,83.46534653465346,85.64356435643565,2.178217821782178,90.15370108439414,91.04644035832153,0.8927392739273926,36,14,22,descriptive conditional subset; relations co-occur and this is not a causal effect
UrbanSound8K,emitted by,680,82.5,86.76470588235294,4.264705882352941,89.22846638655462,91.42699579831933,2.1985294117647065,42,13,29,descriptive conditional subset; relations co-occur and this is not a causal effect
UrbanSound8K,emotionally associated with,1702,76.14571092831962,79.02467685076381,2.8789659224441833,86.85074049204484,88.35583254061514,1.5050920485703094,123,74,49,descriptive conditional subset; relations co-occur and this is not a causal effect
UrbanSound8K,entails event,287,78.397212543554,86.41114982578398,8.013937282229964,87.4961285327139,91.6831204026326,4.1869918699187,32,9,23,descriptive conditional subset; relations co-occur and this is not a causal effect
UrbanSound8K,event composed of,656,87.65243902439023,89.17682926829268,1.524390243902439,92.45947057684862,93.03365756871852,0.5741869918699186,22,12,10,descriptive conditional subset; relations co-occur and this is not a causal effect
UrbanSound8K,follows,1596,91.79197994987469,92.23057644110276,0.43859649122807015,94.89611926642002,94.97026295898478,0.07414369256474523,21,14,7,descriptive conditional subset; relations co-occur and this is not a causal effect
UrbanSound8K,generated by,979,79.97957099080695,82.53319713993871,2.5536261491317673,88.22547302884382,89.56187071355612,1.3363976847122914,34,9,25,descriptive conditional subset; relations co-occur and this is not a causal effect
UrbanSound8K,has children,1060,81.60377358490565,85.18867924528301,3.5849056603773586,89.10927672955975,90.9190251572327,1.8097484276729563,62,24,38,descriptive conditional subset; relations co-occur and this is not a causal effect
UrbanSound8K,has duration,779,81.77150192554558,81.38639281129653,-0.38510911424903727,89.29427226603093,88.95623204352344,-0.3380402225074883,8,11,-3,descriptive conditional subset; relations co-occur and this is not a causal effect
UrbanSound8K,has loudness,1034,85.97678916827853,85.49323017408123,-0.4835589941972921,92.07216542322925,91.53702680298424,-0.5351386202450032,22,27,-5,descriptive conditional subset; relations co-occur and this is not a causal effect
UrbanSound8K,has parent,1135,87.22466960352423,88.63436123348018,1.4096916299559472,91.94178728760225,92.75676526117056,0.8149779735682819,41,25,16,descriptive conditional subset; relations co-occur and this is not a causal effect
UrbanSound8K,has pitch,862,77.1461716937355,74.36194895591647,-2.784222737819025,87.44434316650093,86.00389459728206,-1.4404485692188709,7,31,-24,descriptive conditional subset; relations co-occur and this is not a causal effect
UrbanSound8K,has sibling,1527,92.99279633267845,95.54682383759004,2.5540275049115913,95.75887984532385,96.99332647269779,1.2344466273739358,48,9,39,descriptive conditional subset; relations co-occur and this is not a causal effect
UrbanSound8K,has subtype,1356,87.68436578171091,91.5929203539823,3.908554572271387,92.50002926440982,94.70135669803811,2.2013274336283186,64,11,53,descriptive conditional subset; relations co-occur and this is not a causal effect
UrbanSound8K,has timbre,1150,85.47826086956522,85.82608695652173,0.34782608695652173,91.20945479641132,91.21815044858522,0.008695652173912974,26,22,4,descriptive conditional subset; relations co-occur and this is not a causal effect
UrbanSound8K,indicates,571,90.01751313485113,90.54290718038528,0.5253940455341506,93.53348344591778,93.70277708281212,0.16929363689433732,9,6,3,descriptive conditional subset; relations co-occur and this is not a causal effect
UrbanSound8K,invites action,605,67.10743801652893,74.87603305785125,7.768595041322314,81.49626131444315,84.81582054309328,3.3195592286501365,70,23,47,descriptive conditional subset; relations co-occur and this is not a causal effect
UrbanSound8K,is a type of,2166,87.25761772853186,90.76638965835642,3.508771929824561,92.2767628134664,94.1473383751777,1.8705755617112958,108,32,76,descriptive conditional subset; relations co-occur and this is not a causal effect
UrbanSound8K,is instance of,610,82.45901639344262,88.52459016393442,6.065573770491803,90.33333333333333,92.87158469945355,2.5382513661202184,50,13,37,descriptive conditional subset; relations co-occur and this is not a causal effect
UrbanSound8K,is sound of,711,88.0450070323488,87.48241912798875,-0.5625879043600562,92.7968655816757,92.18270711941598,-0.6141584622597283,21,25,-4,descriptive conditional subset; relations co-occur and this is not a causal effect
UrbanSound8K,is variant of,1663,82.80216476247745,85.32772098616958,2.525556223692123,90.59261327301014,91.87543548186964,1.2828222088594907,96,54,42,descriptive conditional subset; relations co-occur and this is not a causal effect
UrbanSound8K,linked to visual,778,81.74807197943444,86.88946015424165,5.141388174807198,89.77588036071327,92.39798832986494,2.6221079691516707,58,18,40,descriptive conditional subset; relations co-occur and this is not a causal effect
UrbanSound8K,localized in,1091,88.63428047662694,91.29239230064161,2.6581118240146653,93.35122866745232,94.6879228318275,1.336694164375191,47,18,29,descriptive conditional subset; relations co-occur and this is not a causal effect
UrbanSound8K,occurs in,1006,87.47514910536779,89.16500994035785,1.6898608349900597,91.77462999779102,92.79683013032913,1.0222001325381047,22,5,17,descriptive conditional subset; relations co-occur and this is not a causal effect
UrbanSound8K,originates from,622,80.06430868167203,78.77813504823152,-1.2861736334405145,87.5474659317103,86.21306078701576,-1.3344051446945342,20,28,-8,descriptive conditional subset; relations co-occur and this is not a causal effect
UrbanSound8K,overlaps with,2166,90.99722991689751,92.2899353647276,1.2927054478301014,94.5500080610884,95.27715487549283,0.7271468144044322,55,27,28,descriptive conditional subset; relations co-occur and this is not a causal effect
UrbanSound8K,part of scene,592,86.31756756756756,87.83783783783784,1.5202702702702704,91.50378056628057,92.18508687258688,0.6813063063063063,20,11,9,descriptive conditional subset; relations co-occur and this is not a causal effect
UrbanSound8K,perceived as,454,83.03964757709251,90.52863436123349,7.488986784140969,89.86749178379135,93.87263128452555,4.005139500734215,38,4,34,descriptive conditional subset; relations co-occur and this is not a causal effect
UrbanSound8K,performed by,854,77.04918032786885,82.31850117096019,5.269320843091335,86.31384521021522,89.20026207204194,2.8864168618266977,66,21,45,descriptive conditional subset; relations co-occur and this is not a causal effect
UrbanSound8K,precedes,1335,87.41573033707866,89.36329588014982,1.947565543071161,92.76463943879673,93.823316092979,1.0586766541822723,33,7,26,descriptive conditional subset; relations co-occur and this is not a causal effect
UrbanSound8K,produced during,465,86.23655913978494,90.10752688172043,3.870967741935484,91.48412698412697,93.74219150025601,2.258064516129032,23,5,18,descriptive conditional subset; relations co-occur and this is not a causal effect
UrbanSound8K,produces,1411,86.74698795180723,89.2983699503898,2.551381998582565,91.96438414723318,93.50820649544958,1.5438223482163949,47,11,36,descriptive conditional subset; relations co-occur and this is not a causal effect
UrbanSound8K,requires attention,419,79.23627684964201,86.63484486873509,7.398568019093078,87.81793385612,91.63654960790998,3.8186157517899764,45,14,31,descriptive conditional subset; relations co-occur and this is not a causal effect
UrbanSound8K,responds to,350,79.14285714285715,86.57142857142858,7.428571428571429,87.33503401360544,91.3017006802721,3.9666666666666663,29,3,26,descriptive conditional subset; relations co-occur and this is not a causal effect
UrbanSound8K,scene contains,647,83.9258114374034,86.39876352395672,2.472952086553323,90.20871666544001,91.53020043669194,1.321483771251932,28,12,16,descriptive conditional subset; relations co-occur and this is not a causal effect
UrbanSound8K,temporal component of,945,85.71428571428571,90.7936507936508,5.079365079365079,91.56466784244562,94.22780717225162,2.663139329805996,61,13,48,descriptive conditional subset; relations co-occur and this is not a causal effect
UrbanSound8K,transcribed as,1266,80.56872037914692,79.46287519747234,-1.1058451816745656,89.59132626194238,88.75009403445421,-0.8412322274881515,55,69,-14,descriptive conditional subset; relations co-occur and this is not a causal effect
UrbanSound8K,triggers,758,82.71767810026385,85.22427440633246,2.5065963060686016,90.1696192989069,91.30858148008545,1.13896218117854,57,38,19,descriptive conditional subset; relations co-occur and this is not a causal effect
UrbanSound8K,used for,852,89.67136150234741,90.14084507042254,0.4694835680751174,94.0112899619942,94.14626648781578,0.13497652582159622,20,16,4,descriptive conditional subset; relations co-occur and this is not a causal effect
UrbanSound8K,warns about,440,71.81818181818181,80.22727272727272,8.409090909090908,83.00351731601732,87.10579004329004,4.102272727272727,52,15,37,descriptive conditional subset; relations co-occur and this is not a causal effect
FSD50K,affects,1326,60.93514328808446,67.49622926093515,6.561085972850679,73.52266279533906,77.10465542144934,3.581992626110273,140,53,87,descriptive conditional subset; relations co-occur and this is not a causal effect
FSD50K,associated with environment,1006,57.85288270377733,61.431411530815105,3.5785288270377733,70.0991024269736,71.8672597169997,1.7681572900260771,80,44,36,descriptive conditional subset; relations co-occur and this is not a causal effect
FSD50K,associated with event,1115,58.654708520179376,63.67713004484305,5.0224215246636765,71.68103387349841,74.42745710646872,2.7464232329703178,114,58,56,descriptive conditional subset; relations co-occur and this is not a causal effect
FSD50K,belongs to class,1147,62.85963382737576,66.08544027898866,3.225806451612903,74.11171544306993,75.71098752621297,1.5992720831430507,92,55,37,descriptive conditional subset; relations co-occur and this is not a causal effect
FSD50K,can be heard in,1350,65.92592592592592,69.77777777777779,3.851851851851852,76.88454297655495,78.80894038984125,1.9243974132863024,107,55,52,descriptive conditional subset; relations co-occur and this is not a causal effect
FSD50K,caused by,1452,59.29752066115702,65.35812672176309,6.0606060606060606,72.15819901412418,75.57819442275596,3.419995408631772,154,66,88,descriptive conditional subset; relations co-occur and this is not a causal effect
FSD50K,co-occurs with,1590,63.081761006289305,65.9119496855346,2.8301886792452833,73.87783216314766,75.2619291981881,1.3840970350404314,138,93,45,descriptive conditional subset; relations co-occur and this is not a causal effect
FSD50K,described by,1067,51.921274601686974,59.512652296157455,7.591377694470477,66.37861598460958,70.2948028904872,3.9161869058776277,137,56,81,descriptive conditional subset; relations co-occur and this is not a causal effect
FSD50K,emitted by,928,54.633620689655174,59.91379310344828,5.280172413793103,68.22888334869329,70.662945335557,2.4340619868637106,101,52,49,descriptive conditional subset; relations co-occur and this is not a causal effect
FSD50K,emotionally associated with,1138,61.6871704745167,63.18101933216169,1.493848857644991,73.54243258446895,73.44869772140193,-0.09373486306702451,88,71,17,descriptive conditional subset; relations co-occur and this is not a causal effect
FSD50K,entails event,1148,56.968641114982574,61.41114982578397,4.442508710801394,69.36740668298023,71.54014530813038,2.1727386251501413,121,70,51,descriptive conditional subset; relations co-occur and this is not a causal effect
FSD50K,event composed of,1036,54.633204633204635,57.33590733590733,2.7027027027027026,67.83028654106421,68.81484252562021,0.9845559845559845,93,65,28,descriptive conditional subset; relations co-occur and this is not a causal effect
FSD50K,follows,1429,65.5703289013296,68.57942617214835,3.009097270818754,76.22871074194484,77.37222695481553,1.1435162128706926,117,74,43,descriptive conditional subset; relations co-occur and this is not a causal effect
FSD50K,generated by,1034,59.381044487427474,63.73307543520309,4.352030947775629,71.34088642944354,73.54503624481193,2.2041498153683845,99,54,45,descriptive conditional subset; relations co-occur and this is not a causal effect
FSD50K,has children,1685,65.16320474777449,71.92878338278932,6.765578635014837,75.64643584974853,79.320105682094,3.6736698323454533,187,73,114,descriptive conditional subset; relations co-occur and this is not a causal effect
FSD50K,has duration,921,58.19761129207384,63.19218241042345,4.99457111834962,69.92603351178427,72.70139845327299,2.7753649414887205,92,46,46,descriptive conditional subset; relations co-occur and this is not a causal effect
FSD50K,has loudness,840,52.38095238095239,59.88095238095238,7.5,66.30882741226498,69.95288298771155,3.6440555754465533,94,31,63,descriptive conditional subset; relations co-occur and this is not a causal effect
FSD50K,has parent,1085,63.04147465437788,66.17511520737327,3.133640552995392,73.18394582658439,74.73729105434357,1.5533452277591728,83,49,34,descriptive conditional subset; relations co-occur and this is not a causal effect
FSD50K,has pitch,896,51.89732142857143,58.37053571428571,6.4732142857142865,65.81733231682877,69.2912375039036,3.4739051870748305,117,59,58,descriptive conditional subset; relations co-occur and this is not a causal effect
FSD50K,has sibling,1116,62.18637992831542,67.56272401433692,5.376344086021505,72.51764260210912,75.43575167993069,2.91810907782156,100,40,60,descriptive conditional subset; relations co-occur and this is not a causal effect
FSD50K,has subtype,1370,60.21897810218978,70.07299270072993,9.854014598540147,73.06066182195843,78.08846856509362,5.02780674313521,185,50,135,descriptive conditional subset; relations co-occur and this is not a causal effect
FSD50K,has timbre,732,58.46994535519126,62.841530054644814,4.371584699453552,70.73112868056107,72.7972770889226,2.0661484083615234,66,34,32,descriptive conditional subset; relations co-occur and this is not a causal effect
FSD50K,indicates,991,59.334006054490416,65.59031281533805,6.256306760847628,71.05478293050146,74.35756351128407,3.3027805807825987,96,34,62,descriptive conditional subset; relations co-occur and this is not a causal effect
FSD50K,invites action,758,56.99208443271768,59.63060686015831,2.638522427440633,69.3659471441346,70.5282058030951,1.162258658960506,79,59,20,descriptive conditional subset; relations co-occur and this is not a causal effect
FSD50K,is a type of,1696,60.67216981132076,67.09905660377359,6.426886792452831,72.31780327149615,75.87622115574398,3.5584178842478087,162,53,109,descriptive conditional subset; relations co-occur and this is not a causal effect
FSD50K,is instance of,1083,60.387811634349035,64.26592797783933,3.8781163434903045,71.8067495169375,73.51189289105594,1.7051433741184432,107,65,42,descriptive conditional subset; relations co-occur and this is not a causal effect
FSD50K,is sound of,1191,60.87321578505458,64.31570109151973,3.4424853064651555,72.03076465900423,73.6630797736871,1.6323151146828732,87,46,41,descriptive conditional subset; relations co-occur and this is not a causal effect
FSD50K,is variant of,1496,63.70320855614974,68.64973262032086,4.946524064171124,74.5580427327414,77.07462133387884,2.5165786011374243,139,65,74,descriptive conditional subset; relations co-occur and this is not a causal effect
FSD50K,linked to visual,797,53.4504391468005,61.22961104140528,7.779171894604768,66.70354172763138,70.96635266547368,4.262810937842305,106,44,62,descriptive conditional subset; relations co-occur and this is not a causal effect
FSD50K,localized in,585,58.2905982905983,59.65811965811966,1.3675213675213675,69.81721935929389,70.25474479681934,0.43752543752543765,64,56,8,descriptive conditional subset; relations co-occur and this is not a causal effect
FSD50K,occurs in,959,63.29509906152242,65.48488008342022,2.18978102189781,73.75946712163667,75.11640759745097,1.3569404758143029,74,53,21,descriptive conditional subset; relations co-occur and this is not a causal effect
FSD50K,originates from,1011,64.09495548961425,69.04055390702275,4.945598417408506,74.86416546258619,77.64029470755816,2.7761292449719743,98,48,50,descriptive conditional subset; relations co-occur and this is not a causal effect
FSD50K,overlaps with,1175,65.27659574468086,71.23404255319149,5.957446808510639,75.45131071090412,78.80095610097506,3.349645390070922,97,27,70,descriptive conditional subset; relations co-occur and this is not a causal effect
FSD50K,part of scene,842,59.38242280285036,62.70783847980997,3.32541567695962,71.43378506855774,72.50248016338108,1.0686950948233607,73,45,28,descriptive conditional subset; relations co-occur and this is not a causal effect
FSD50K,perceived as,1004,53.68525896414342,58.66533864541833,4.9800796812749,68.053710001244,70.41711352998618,2.363403528742174,123,73,50,descriptive conditional subset; relations co-occur and this is not a causal effect
FSD50K,performed by,1199,63.21934945788157,66.05504587155964,2.835696413678065,73.96486320558222,75.13528299985522,1.1704197942730052,101,67,34,descriptive conditional subset; relations co-occur and this is not a causal effect
FSD50K,precedes,1163,61.90885640584695,65.43422184006879,3.52536543422184,73.1155831775589,75.18473619899052,2.0691530214316116,101,60,41,descriptive conditional subset; relations co-occur and this is not a causal effect
FSD50K,produced during,847,59.50413223140496,64.93506493506493,5.430932703659976,72.02959036228616,74.3324894833671,2.302899121080939,92,46,46,descriptive conditional subset; relations co-occur and this is not a causal effect
FSD50K,produces,1290,62.48062015503876,65.65891472868218,3.1782945736434107,73.75147874307618,74.8362299092227,1.084751166146515,103,62,41,descriptive conditional subset; relations co-occur and this is not a causal effect
FSD50K,requires attention,870,53.9080459770115,59.310344827586206,5.402298850574713,67.54674064528093,70.64734113868502,3.1006004934040923,105,58,47,descriptive conditional subset; relations co-occur and this is not a causal effect
FSD50K,responds to,970,55.25773195876289,59.48453608247423,4.22680412371134,67.96178390684678,70.0054756103323,2.043691703485518,88,47,41,descriptive conditional subset; relations co-occur and this is not a causal effect
FSD50K,scene contains,1072,55.41044776119403,58.95522388059702,3.544776119402985,68.37697085167896,69.95127936861807,1.574308516939114,97,59,38,descriptive conditional subset; relations co-occur and this is not a causal effect
FSD50K,temporal component of,890,57.19101123595506,63.258426966292134,6.067415730337078,70.53485769210178,73.57248922411533,3.0376315320135543,103,49,54,descriptive conditional subset; relations co-occur and this is not a causal effect
FSD50K,transcribed as,923,60.67172264355363,62.405200433369444,1.7334777898158178,73.27084323748755,73.78353477130585,0.5126915338182945,80,64,16,descriptive conditional subset; relations co-occur and this is not a causal effect
FSD50K,triggers,1006,60.93439363817097,65.4075546719682,4.473161033797217,72.76533289981487,75.23346064130246,2.4681277414875824,84,39,45,descriptive conditional subset; relations co-occur and this is not a causal effect
FSD50K,used for,1168,57.96232876712328,63.27054794520548,5.308219178082192,69.92979545004523,72.80739112301762,2.8775956729723853,124,62,62,descriptive conditional subset; relations co-occur and this is not a causal effect
FSD50K,warns about,758,56.99208443271768,60.4221635883905,3.430079155672823,70.48956746891028,72.08493120807348,1.5953637391632112,82,56,26,descriptive conditional subset; relations co-occur and this is not a causal effect
AudioSet,affects,2550,28.3921568627451,30.0,1.607843137254902,40.87583757423791,41.60830063886042,0.7324630646225118,150,109,41,descriptive conditional subset; relations co-occur and this is not a causal effect
AudioSet,associated with environment,2202,27.9291553133515,29.836512261580385,1.9073569482288828,40.27125252421377,41.02782310964722,0.7565705854334525,138,96,42,descriptive conditional subset; relations co-occur and this is not a causal effect
AudioSet,associated with event,2289,28.39667977282656,29.357798165137616,0.9611183923110528,40.825229641356216,41.01462054803444,0.1893909066782217,132,110,22,descriptive conditional subset; relations co-occur and this is not a causal effect
AudioSet,belongs to class,1823,29.840921557871642,31.212287438288534,1.3713658804168951,41.54635588922733,42.37950645850989,0.8331505692825592,84,59,25,descriptive conditional subset; relations co-occur and this is not a causal effect
AudioSet,can be heard in,2092,27.390057361376673,30.066921606118548,2.676864244741874,39.49487929432,41.03155913643233,1.5366798421123227,129,73,56,descriptive conditional subset; relations co-occur and this is not a causal effect
AudioSet,caused by,2300,29.869565217391305,30.869565217391305,1.0,41.89125048198089,42.2347626776499,0.3435121956690005,114,91,23,descriptive conditional subset; relations co-occur and this is not a causal effect
AudioSet,co-occurs with,2244,28.030303030303028,29.27807486631016,1.2477718360071302,40.42280645932394,40.6592543351341,0.23644787581016824,145,117,28,descriptive conditional subset; relations co-occur and this is not a causal effect
AudioSet,described by,1842,27.958740499457114,29.31596091205212,1.3572204125950056,40.13585933650108,40.73544697914265,0.5995876426415649,110,85,25,descriptive conditional subset; relations co-occur and this is not a causal effect
AudioSet,emitted by,2064,28.149224806201552,30.523255813953487,2.374031007751938,40.991170876886294,42.14527126916977,1.1541003922834787,134,85,49,descriptive conditional subset; relations co-occur and this is not a causal effect
AudioSet,emotionally associated with,1922,29.864724245577523,33.45473465140479,3.5900104058272633,42.195328529790224,44.52791994125791,2.3325914114676944,160,91,69,descriptive conditional subset; relations co-occur and this is not a causal effect
AudioSet,entails event,1880,28.510638297872344,31.329787234042556,2.8191489361702127,41.37683727722703,42.58388944592092,1.2070521686938829,150,97,53,descriptive conditional subset; relations co-occur and this is not a causal effect
AudioSet,event composed of,1843,30.439500813890398,32.6098752034726,2.1703743895822027,43.28617603830634,44.488855351545546,1.2026793132392175,123,83,40,descriptive conditional subset; relations co-occur and this is not a causal effect
AudioSet,follows,2247,30.885625278148645,33.0663106364041,2.1806853582554515,43.20774002369653,44.09723138312985,0.8894913594333222,158,109,49,descriptive conditional subset; relations co-occur and this is not a causal effect
AudioSet,generated by,1402,28.744650499286735,30.527817403708983,1.783166904422254,41.22169375033826,42.04052445822754,0.8188307078892818,95,70,25,descriptive conditional subset; relations co-occur and this is not a causal effect
AudioSet,has children,1779,32.99606520517144,34.28892636312535,1.2928611579539067,44.49933143581449,44.97975268281622,0.4804212470017285,87,64,23,descriptive conditional subset; relations co-occur and this is not a causal effect
AudioSet,has duration,1438,28.372739916550767,30.806675938803895,2.433936022253129,40.22604482104809,41.76960301237825,1.5435581913301637,105,70,35,descriptive conditional subset; relations co-occur and this is not a causal effect
AudioSet,has loudness,1727,26.577880718008107,29.357266936884773,2.779386218876665,38.9379565614374,40.506241447329636,1.5682848858922356,104,56,48,descriptive conditional subset; relations co-occur and this is not a causal effect
AudioSet,has parent,1230,25.040650406504067,29.024390243902438,3.983739837398374,38.120831039298395,40.367624422764486,2.246793383466086,94,45,49,descriptive conditional subset; relations co-occur and this is not a causal effect
AudioSet,has pitch,1664,28.846153846153843,30.528846153846157,1.6826923076923077,40.68730294914646,41.7691122411067,1.0818092919602396,102,74,28,descriptive conditional subset; relations co-occur and this is not a causal effect
AudioSet,has sibling,1615,29.47368421052631,30.959752321981426,1.4860681114551082,42.307987601536006,43.01280219926003,0.7048145977240269,98,74,24,descriptive conditional subset; relations co-occur and this is not a causal effect
AudioSet,has subtype,1943,33.607822954194546,35.51209469891919,1.9042717447246524,44.525972681485825,45.526388468683386,1.000415787197566,122,85,37,descriptive conditional subset; relations co-occur and this is not a causal effect
AudioSet,has timbre,1650,27.757575757575758,30.606060606060602,2.8484848484848486,40.11698660489863,41.807724178355336,1.6907375734567087,103,56,47,descriptive conditional subset; relations co-occur and this is not a causal effect
AudioSet,indicates,1788,30.145413870246085,33.16554809843401,3.0201342281879198,42.24889111290479,43.79809575539309,1.549204642488299,138,84,54,descriptive conditional subset; relations co-occur and this is not a causal effect
AudioSet,invites action,1838,31.01196953210011,33.51468988030468,2.50272034820457,43.740784776367285,45.0611296560831,1.3203448797158113,142,96,46,descriptive conditional subset; relations co-occur and this is not a causal effect
AudioSet,is a type of,2784,31.14224137931034,33.4051724137931,2.2629310344827585,42.98990740876646,43.97040650623553,0.9804990974690567,164,101,63,descriptive conditional subset; relations co-occur and this is not a causal effect
AudioSet,is instance of,2298,28.459530026109658,31.02697998259356,2.567449956483899,41.46783589892165,42.809870756161544,1.3420348572398948,166,107,59,descriptive conditional subset; relations co-occur and this is not a causal effect
AudioSet,is sound of,2201,28.032712403452976,29.168559745570192,1.1358473421172195,40.15453824722328,40.68192120007891,0.5273829528556334,128,103,25,descriptive conditional subset; relations co-occur and this is not a causal effect
AudioSet,is variant of,2031,29.98522895125554,32.25012309207287,2.2648941408173315,41.99383511071671,43.096330766475575,1.102495655758862,137,91,46,descriptive conditional subset; relations co-occur and this is not a causal effect
AudioSet,linked to visual,1990,28.391959798994975,31.35678391959799,2.964824120603015,41.59867484900338,43.1576098419836,1.5589349929802192,168,109,59,descriptive conditional subset; relations co-occur and this is not a causal effect
AudioSet,localized in,899,25.917686318131256,30.14460511679644,4.226918798665183,38.390289668621634,40.9393112745651,2.549021605943471,82,44,38,descriptive conditional subset; relations co-occur and this is not a causal effect
AudioSet,occurs in,1597,27.927363807138384,30.61991233562931,2.6925485284909207,40.2827243624387,41.58586739910671,1.303143036668009,118,75,43,descriptive conditional subset; relations co-occur and this is not a causal effect
AudioSet,originates from,1354,27.695716395864107,28.95125553914328,1.255539143279173,40.141638312106814,40.43277387063829,0.2911355585314815,90,73,17,descriptive conditional subset; relations co-occur and this is not a causal effect
AudioSet,overlaps with,2154,31.47632311977716,33.519034354688955,2.042711234911792,43.314041599608075,44.36101783134363,1.0469762317355626,148,104,44,descriptive conditional subset; relations co-occur and this is not a causal effect
AudioSet,part of scene,1804,28.60310421286031,33.31485587583148,4.711751662971175,40.62165996415247,43.27706444911759,2.6554044849651186,149,64,85,descriptive conditional subset; relations co-occur and this is not a causal effect
AudioSet,perceived as,1568,24.872448979591837,26.211734693877553,1.3392857142857142,37.92331070998967,38.40573489328688,0.48242418329720804,94,73,21,descriptive conditional subset; relations co-occur and this is not a causal effect
AudioSet,performed by,1847,29.832160259880887,31.131564699512726,1.2994044396318354,41.42901775376582,42.02073146935157,0.5917137155857557,106,82,24,descriptive conditional subset; relations co-occur and this is not a causal effect
AudioSet,precedes,2082,29.731027857829012,32.08453410182517,2.353506243996158,41.751430420904775,42.94616851335501,1.194738092450239,148,99,49,descriptive conditional subset; relations co-occur and this is not a causal effect
AudioSet,produced during,1198,30.05008347245409,31.969949916527547,1.9198664440734556,42.12885566188027,42.78533537970316,0.6564797178228985,77,54,23,descriptive conditional subset; relations co-occur and this is not a causal effect
AudioSet,produces,1925,27.480519480519483,29.194805194805195,1.7142857142857144,40.7824077847701,41.74243234488268,0.9600245601125795,116,83,33,descriptive conditional subset; relations co-occur and this is not a causal effect
AudioSet,requires attention,1466,30.62755798090041,30.081855388813096,-0.5457025920873124,43.139314089428154,42.88069797583589,-0.2586161135922599,97,105,-8,descriptive conditional subset; relations co-occur and this is not a causal effect
AudioSet,responds to,1673,27.794381350866708,28.631201434548714,0.8368200836820083,39.86953076385166,39.96584556664654,0.09631480279488437,109,95,14,descriptive conditional subset; relations co-occur and this is not a causal effect
AudioSet,scene contains,1647,32.17972070431087,35.154826958105645,2.9751062537947783,44.99351384044591,46.27891047834731,1.2853966379013964,129,80,49,descriptive conditional subset; relations co-occur and this is not a causal effect
AudioSet,temporal component of,2037,27.491408934707906,30.338733431516935,2.847324496809033,40.087657667862274,41.491924087784625,1.4042664199223487,146,88,58,descriptive conditional subset; relations co-occur and this is not a causal effect
AudioSet,transcribed as,1463,31.647300068352703,32.39917976760082,0.7518796992481203,43.39013690772754,43.617348920806535,0.22721201307899236,98,87,11,descriptive conditional subset; relations co-occur and this is not a causal effect
AudioSet,triggers,1765,31.89801699716714,34.27762039660057,2.379603399433428,44.105005482241175,45.612697352948686,1.5076918707075175,131,89,42,descriptive conditional subset; relations co-occur and this is not a causal effect
AudioSet,used for,1777,31.626336522228478,33.033202025886325,1.4068655036578503,44.039881507823054,44.63795832002479,0.5980768122017418,124,99,25,descriptive conditional subset; relations co-occur and this is not a causal effect
AudioSet,warns about,1233,28.386050283860502,31.792376317923765,3.40632603406326,41.42120194991434,42.998199703561575,1.5769977536472455,98,56,42,descriptive conditional subset; relations co-occur and this is not a causal effect
TUT2017,affects,312,38.141025641025635,47.43589743589743,9.294871794871796,59.99809218559218,64.20100732600733,4.20291514041514,65,36,29,descriptive conditional subset; relations co-occur and this is not a causal effect
TUT2017,associated with environment,422,37.44075829383886,57.58293838862559,20.14218009478673,60.24920840086716,71.02978840538083,10.780580004513654,95,10,85,descriptive conditional subset; relations co-occur and this is not a causal effect
TUT2017,associated with event,409,34.229828850855746,36.43031784841076,2.2004889975550124,55.81998210971316,55.19738343699224,-0.6225986727209231,61,52,9,descriptive conditional subset; relations co-occur and this is not a causal effect
TUT2017,belongs to class,344,39.24418604651162,51.74418604651163,12.5,62.41672329608377,67.34508708345918,4.928363787375416,90,47,43,descriptive conditional subset; relations co-occur and this is not a causal effect
TUT2017,can be heard in,652,53.06748466257669,61.34969325153374,8.282208588957054,69.73496084692403,73.80795967835844,4.072998831434414,95,41,54,descriptive conditional subset; relations co-occur and this is not a causal effect
TUT2017,caused by,365,44.93150684931507,53.97260273972603,9.04109589041096,66.20275462741216,70.3899692392843,4.187214611872146,60,27,33,descriptive conditional subset; relations co-occur and this is not a causal effect
TUT2017,co-occurs with,576,48.61111111111111,57.291666666666664,8.680555555555555,66.73641173641174,71.54109923641172,4.8046875,88,38,50,descriptive conditional subset; relations co-occur and this is not a causal effect
TUT2017,described by,183,29.508196721311474,39.89071038251366,10.382513661202186,53.78439562865792,59.34385438483799,5.559458756180067,44,25,19,descriptive conditional subset; relations co-occur and this is not a causal effect
TUT2017,emitted by,336,49.107142857142854,64.58333333333334,15.476190476190476,66.5312134954992,75.39069478801622,8.859481292517007,72,20,52,descriptive conditional subset; relations co-occur and this is not a causal effect
TUT2017,emotionally associated with,278,21.223021582733814,31.294964028776977,10.071942446043165,45.44124440707174,50.989377329305384,5.548132922233641,49,21,28,descriptive conditional subset; relations co-occur and this is not a causal effect
TUT2017,entails event,360,33.05555555555556,55.55555555555556,22.5,57.49262465929132,71.22840508257174,13.735780423280422,91,10,81,descriptive conditional subset; relations co-occur and this is not a causal effect
TUT2017,event composed of,785,47.261146496815286,60.25477707006369,12.993630573248408,66.48817106460419,73.17606915377617,6.687898089171974,167,65,102,descriptive conditional subset; relations co-occur and this is not a causal effect
TUT2017,follows,698,37.96561604584527,51.00286532951289,13.03724928366762,59.621801312345724,66.26970689291608,6.647905580570337,142,51,91,descriptive conditional subset; relations co-occur and this is not a causal effect
TUT2017,generated by,384,38.28125,50.260416666666664,11.979166666666668,61.1013032106782,67.30790043290044,6.206597222222223,102,56,46,descriptive conditional subset; relations co-occur and this is not a causal effect
TUT2017,has children,556,57.37410071942446,61.69064748201439,4.316546762589928,71.481256553199,73.38152205508321,1.9002655018842067,60,36,24,descriptive conditional subset; relations co-occur and this is not a causal effect
TUT2017,has duration,787,45.48919949174079,58.57687420584497,13.087674714104194,66.36432993802752,73.70005329979917,7.335723361771645,133,30,103,descriptive conditional subset; relations co-occur and this is not a causal effect
TUT2017,has loudness,590,26.779661016949152,50.33898305084745,23.559322033898304,51.4108861947845,65.6058014490218,14.194915254237289,178,39,139,descriptive conditional subset; relations co-occur and this is not a causal effect
TUT2017,has parent,521,37.42802303262956,40.11516314779271,2.6871401151631478,58.50648658230232,58.86957039548209,0.3630838131797828,45,31,14,descriptive conditional subset; relations co-occur and this is not a causal effect
TUT2017,has pitch,429,46.15384615384615,60.13986013986013,13.986013986013987,65.26815194647362,72.32387400219568,7.055722055722055,70,10,60,descriptive conditional subset; relations co-occur and this is not a causal effect
TUT2017,has sibling,687,56.04075691411936,54.87627365356623,-1.1644832605531297,70.91177947073145,69.38824720484108,-1.5235322658903447,56,64,-8,descriptive conditional subset; relations co-occur and this is not a causal effect
TUT2017,has subtype,281,39.50177935943061,36.29893238434164,-3.202846975088968,58.87479266482825,54.80005956874283,-4.074733096085409,35,44,-9,descriptive conditional subset; relations co-occur and this is not a causal effect
TUT2017,has timbre,552,40.94202898550724,47.64492753623188,6.702898550724639,62.327918156722504,66.62441574126358,4.296497584541063,47,10,37,descriptive conditional subset; relations co-occur and this is not a causal effect
TUT2017,indicates,482,43.77593360995851,51.867219917012456,8.091286307053942,63.39486297473849,67.20858555920796,3.8137225844694727,58,19,39,descriptive conditional subset; relations co-occur and this is not a causal effect
TUT2017,invites action,428,37.61682242990654,65.42056074766354,27.80373831775701,60.49554287872044,75.48608582487087,14.990542946150425,139,20,119,descriptive conditional subset; relations co-occur and this is not a causal effect
TUT2017,is a type of,861,62.36933797909408,70.38327526132404,8.013937282229964,75.81689635696604,79.91747154639141,4.1005751894253635,84,15,69,descriptive conditional subset; relations co-occur and this is not a causal effect
TUT2017,is instance of,572,57.51748251748252,63.81118881118881,6.293706293706294,71.77843621025438,74.36168629350448,2.5832500832500833,54,18,36,descriptive conditional subset; relations co-occur and this is not a causal effect
TUT2017,is sound of,621,38.64734299516908,73.91304347826086,35.26570048309179,61.75218367247353,81.6202919463789,19.868108273905374,240,21,219,descriptive conditional subset; relations co-occur and this is not a causal effect
TUT2017,is variant of,483,41.40786749482402,54.6583850931677,13.250517598343686,63.886097799141275,70.39378783167604,6.507690032534754,87,23,64,descriptive conditional subset; relations co-occur and this is not a causal effect
TUT2017,linked to visual,407,38.57493857493858,60.1965601965602,21.62162162162162,63.11384561384561,73.74447624447625,10.63063063063063,117,29,88,descriptive conditional subset; relations co-occur and this is not a causal effect
TUT2017,localized in,500,44.4,51.800000000000004,7.3999999999999995,62.11006937506938,66.49316461316461,4.383095238095238,55,18,37,descriptive conditional subset; relations co-occur and this is not a causal effect
TUT2017,occurs in,360,51.66666666666667,59.72222222222222,8.055555555555555,68.81185866602534,73.92561527978194,5.113756613756614,47,18,29,descriptive conditional subset; relations co-occur and this is not a causal effect
TUT2017,originates from,287,40.069686411149824,46.68989547038328,6.620209059233449,62.17234565666622,64.86025008673093,2.687904430064709,50,31,19,descriptive conditional subset; relations co-occur and this is not a causal effect
TUT2017,overlaps with,694,46.97406340057637,50.86455331412104,3.890489913544669,64.18527078109211,66.20376261586637,2.018491834774255,37,10,27,descriptive conditional subset; relations co-occur and this is not a causal effect
TUT2017,part of scene,388,44.84536082474227,54.38144329896907,9.536082474226804,63.721586260246056,68.96182926466432,5.240243004418262,65,28,37,descriptive conditional subset; relations co-occur and this is not a causal effect
TUT2017,perceived as,338,39.94082840236686,66.86390532544378,26.923076923076923,62.145728203420504,78.12910380218072,15.983375598760214,117,26,91,descriptive conditional subset; relations co-occur and this is not a causal effect
TUT2017,performed by,385,33.246753246753244,45.714285714285715,12.467532467532468,55.74472280965787,62.39623796117303,6.651515151515151,78,30,48,descriptive conditional subset; relations co-occur and this is not a causal effect
TUT2017,precedes,620,49.67741935483871,55.64516129032258,5.967741935483871,65.54916678303775,69.03399781222362,3.4848310291858677,59,22,37,descriptive conditional subset; relations co-occur and this is not a causal effect
TUT2017,produced during,572,42.13286713286713,56.29370629370629,14.160839160839162,64.16133109314929,70.91249659431479,6.751165501165501,124,43,81,descriptive conditional subset; relations co-occur and this is not a causal effect
TUT2017,produces,571,34.85113835376533,63.74781085814361,28.896672504378284,60.42212214716592,77.50284935924165,17.080727212075725,191,26,165,descriptive conditional subset; relations co-occur and this is not a causal effect
TUT2017,requires attention,346,25.722543352601157,49.71098265895954,23.98843930635838,52.95889322623426,64.85126867352301,11.892375447288742,111,28,83,descriptive conditional subset; relations co-occur and this is not a causal effect
TUT2017,responds to,522,47.89272030651341,63.984674329501914,16.091954022988507,65.65053932870025,74.40852144875133,8.757982120051086,100,16,84,descriptive conditional subset; relations co-occur and this is not a causal effect
TUT2017,scene contains,579,53.54058721934369,63.212435233160626,9.671848013816927,70.27387312361405,75.50826739945911,5.234394275845053,73,17,56,descriptive conditional subset; relations co-occur and this is not a causal effect
TUT2017,temporal component of,973,49.9486125385406,61.76772867420349,11.819116135662897,67.56448758504257,73.85688224074659,6.292394655704009,175,60,115,descriptive conditional subset; relations co-occur and this is not a causal effect
TUT2017,transcribed as,422,33.41232227488152,57.81990521327014,24.407582938388625,58.099674811760124,71.4527553804805,13.35308056872038,122,19,103,descriptive conditional subset; relations co-occur and this is not a causal effect
TUT2017,triggers,643,39.0357698289269,53.654743390357694,14.618973561430792,60.689089293288355,68.46402819575448,7.774938902466119,159,65,94,descriptive conditional subset; relations co-occur and this is not a causal effect
TUT2017,used for,371,35.84905660377358,58.760107816711596,22.911051212938006,60.00684550549779,72.21516279467762,12.208317289179824,128,43,85,descriptive conditional subset; relations co-occur and this is not a causal effect
TUT2017,warns about,468,47.863247863247864,60.256410256410255,12.393162393162394,66.91120607787273,73.88261429928096,6.971408221408221,70,12,58,descriptive conditional subset; relations co-occur and this is not a causal effect
